price 1,price 2,price 3,price 4,price 5,price 6,price 7,price 8,price 9,price 10,transaction
0.0,0.212103965092013,0.3606146841206603,0.39514323657749945,0.42701574653765895,0.5104154809334094,0.7219313223297288,0.7131284386264466,1.0,0.916676152532726,1
0.0,0.18849024801348419,0.23231398988682858,0.272766674692993,0.3786178666024561,0.6470744040452686,0.6359017577654706,1.0,0.8942451240067419,0.6513123043582953,1
0.0,0.05400272980831978,0.10385140347753843,0.2342887662453268,0.5650999940656343,0.5513322651474689,1.0,0.8696813245504715,0.5703222360690762,0.921250964334461,0
0.0,0.04043321299639004,0.14623345367027699,0.41456077015643816,0.40339350180505407,0.7673164861612514,0.6616125150421177,0.41879663056558375,0.7034416365824309,1.0,0
0.0,0.11025833960371215,0.389892149485829,0.37825432656132413,0.7575119137195885,0.6473539001755703,0.39430649611236523,0.690945573112616,1.0,0.9256333082518182,0
0.0,0.3142865197045724,0.3012065174493993,0.7274623668038561,0.6036533799402376,0.31924789987032753,0.6526470090770705,1.0,0.9164176580030442,0.7054180526582849,0
0.290257637207131,0.2767192834009276,0.7179120590552328,0.5897645376827236,0.2953928748577598,0.6404750094826831,1.0,0.9134887520788957,0.6950952644939166,0.0,1
0.3513619593374675,0.7470235758955438,0.632100897506345,0.3681084334196824,0.6775780411858597,1.0,0.9224167255409894,0.7265614778763378,0.10320014653164834,0.0,1
0.7470235758955438,0.632100897506345,0.3681084334196824,0.6775780411858597,1.0,0.9224167255409894,0.7265614778763378,0.10320014653164834,0.0,0.05764450375487341,0
0.632100897506345,0.3681084334196824,0.6775780411858597,1.0,0.9224167255409894,0.7265614778763378,0.10320014653164834,0.0,0.05764450375487341,0.0650234188973491,0
0.3681084334196824,0.6775780411858597,1.0,0.9224167255409894,0.7265614778763378,0.10320014653164834,0.0,0.05764450375487341,0.0650234188973491,0.36868409346625863,0
0.6775780411858597,1.0,0.9224167255409894,0.7265614778763378,0.10320014653164834,0.0,0.05764450375487341,0.0650234188973491,0.36868409346625863,0.09244577020697574,1
1.0,0.92458541051989,0.7342049038559366,0.12826838945976207,0.027952996235629277,0.08398616339403799,0.09115881574931303,0.3863312646250892,0.11781463017600959,0.0,1
1.0,0.8033058285594158,0.17727439953749946,0.07363220686393017,0.1315236243233299,0.1389341462132756,0.44389551689704126,0.1664739580595993,0.04475219425027586,0.0,1
1.0,0.2206810821420394,0.09166148712748201,0.16372795969773282,0.1729529915927897,0.5525859530897316,0.2072360888481792,0.05571003304000775,0.0,0.23733193758382656,1
0.3993606440918779,0.16587733838503416,0.2962941037177358,0.3129883968742592,1.0,0.3750295998105605,0.10081695477148926,0.0,0.4294932512431916,0.41321335543452475,1
0.16587733838503416,0.2962941037177358,0.3129883968742592,1.0,0.3750295998105605,0.10081695477148926,0.0,0.4294932512431916,0.41321335543452475,0.4081221880179968,1
0.2962941037177358,0.3129883968742592,1.0,0.3750295998105605,0.10081695477148926,0.0,0.4294932512431916,0.41321335543452475,0.4081221880179968,0.7153682216433807,1
0.20351836169066093,0.6502425128955274,0.24386018939102286,0.0655554700130879,0.0,0.279274770960043,0.2686888905997381,0.26537839710524314,0.46516283008699644,1.0,0
0.6502425128955274,0.24386018939102286,0.0655554700130879,0.0,0.279274770960043,0.2686888905997381,0.26537839710524314,0.46516283008699644,1.0,0.7549849872969432,0
0.24386018939102286,0.0655554700130879,0.0,0.279274770960043,0.2686888905997381,0.26537839710524314,0.46516283008699644,1.0,0.7549849872969432,0.32681499730541264,0
0.0655554700130879,0.0,0.279274770960043,0.2686888905997381,0.26537839710524314,0.46516283008699644,1.0,0.7549849872969432,0.32681499730541264,0.5084302101778425,0
0.0,0.279274770960043,0.2686888905997381,0.26537839710524314,0.46516283008699644,1.0,0.7549849872969432,0.32681499730541264,0.5084302101778425,0.19462622218800504,0
0.43301435406698563,0.42468657258797166,0.4220822481981712,0.5792501968384712,1.0,0.8072497123130032,0.4704136636181943,0.6132881109563321,0.36642238507661556,0.0,0
0.42468657258797166,0.4220822481981712,0.5792501968384712,1.0,0.8072497123130032,0.4704136636181943,0.6132881109563321,0.36642238507661556,0.0,0.1460541457210345,0
0.5360416210828292,0.6622176840979261,1.0,0.8452580653003668,0.5748425838134834,0.689543675394452,0.4913573043541682,0.19718960445384487,0.31444339095130436,0.0,0
0.7464876108455277,1.0,0.8838630806845964,0.6809108491770975,0.7669963142721599,0.6182534758967996,0.3974747290442651,0.48547604276903983,0.2494799839433637,0.0,1
1.0,0.8838630806845964,0.6809108491770975,0.7669963142721599,0.6182534758967996,0.3974747290442651,0.48547604276903983,0.2494799839433637,0.0,0.1736488705616173,1
1.0,0.7703804628310732,0.8677772960921534,0.6994901013604179,0.4497016989740096,0.5492661175450548,0.2822608946966412,0.0,0.1964658037612766,0.12204537478582198,1
0.8877628699210205,1.0,0.806070986773242,0.5182224759729754,0.6329574650299743,0.32526881720430095,0.0,0.2264011799410029,0.14064135502902278,0.28513654962413154,1
1.0,0.806070986773242,0.5182224759729754,0.6329574650299743,0.32526881720430095,0.0,0.2264011799410029,0.14064135502902278,0.28513654962413154,0.4422875630412028,0
1.0,0.6428993035060795,0.7852378703813009,0.4035237870381299,0.0,0.28087002715145787,0.17447762955967425,0.3537362767087709,0.5486955495218983,0.4794888442922912,1
0.8187319126545645,1.0,0.5138873228849549,0.0,0.35768782651182013,0.22219716615928145,0.45048295561318424,0.6987634832938701,0.6106287818995,0.43864396587364207,1
1.0,0.5138873228849549,0.0,0.35768782651182013,0.22219716615928145,0.45048295561318424,0.6987634832938701,0.6106287818995,0.43864396587364207,0.6417859961664225,1
0.7354238382099825,0.0,0.5118868330464715,0.3179862306368331,0.6446858864027535,1.0,0.8738704819277106,0.6277431153184162,0.9184595524956972,0.7923300344234078,1
0.0,0.42183413855768803,0.26204512211338166,0.5312707770045652,0.8240769469438414,0.720136518771331,0.5173086299366162,0.756881343912061,0.6529409157395506,1.0,1
0.20037796676115813,0.0,0.3376132510699789,0.7047968428658773,0.574453893613473,0.32010449669279045,0.6205324884664555,0.49018953921405123,0.9254071480184533,1.0,1
0.0,0.3245698407609271,0.677567596451854,0.5522603398525164,0.30773752271027,0.5965587260874211,0.4712514694880835,0.8896548038901352,0.9613658223789675,1.0,0
0.01975417032484621,0.4340273422801958,0.2869685187507838,0.0,0.3389564781136339,0.19189765458422184,0.6829298883732594,0.7670889251222879,0.8124294493916973,1.0,0
0.4340273422801958,0.2869685187507838,0.0,0.3389564781136339,0.19189765458422184,0.6829298883732594,0.7670889251222879,0.8124294493916973,1.0,0.6851875078389562,0
0.2869685187507838,0.0,0.3389564781136339,0.19189765458422184,0.6829298883732594,0.7670889251222879,0.8124294493916973,1.0,0.6851875078389562,0.8102972532296501,0
0.0,0.3389564781136339,0.19189765458422184,0.6829298883732594,0.7670889251222879,0.8124294493916973,1.0,0.6851875078389562,0.8102972532296501,0.5061457418788412,0
0.18198044389259696,0.0,0.607636194319416,0.7117802266025145,0.7678876299860317,1.0,0.6104299239484708,0.7652491075585908,0.3888716436442652,0.036551295980133756,0
0.20096732188255703,0.686488497550691,0.7697029825758046,0.814534631363552,1.0,0.6887207788181308,0.8124263657220809,0.5116884727475661,0.23017300179822664,0.0,1
0.686488497550691,0.7697029825758046,0.814534631363552,1.0,0.6887207788181308,0.8124263657220809,0.5116884727475661,0.23017300179822664,0.0,0.3183481118620949,1
0.7697029825758046,0.814534631363552,1.0,0.6887207788181308,0.8124263657220809,0.5116884727475661,0.23017300179822664,0.0,0.3183481118620949,0.1715756185279343,1
0.814534631363552,1.0,0.6887207788181308,0.8124263657220809,0.5116884727475661,0.23017300179822664,0.0,0.3183481118620949,0.1715756185279343,0.19817697029825712,1
1.0,0.6887207788181308,0.8124263657220809,0.5116884727475661,0.23017300179822664,0.0,0.3183481118620949,0.1715756185279343,0.19817697029825712,0.3501581199231105,0
0.847733170508319,1.0,0.6298275072508014,0.28331552434742796,0.0,0.39184857273698703,0.2111891314303157,0.24393222408792495,0.431002900320562,0.49931308197221774,0
1.0,0.6298275072508014,0.28331552434742796,0.0,0.39184857273698703,0.2111891314303157,0.24393222408792495,0.431002900320562,0.49931308197221774,0.32323309418409424,1
1.0,0.4498303441589919,0.0,0.6221522055259336,0.33531265147842904,0.38730004847309657,0.684318952981096,0.7927775084827917,0.5132089190499277,0.7192195831313626,0
0.5674105778049531,0.0,0.7847752980739845,0.42295933965148236,0.488535616019565,0.8631916845001538,1.0,0.6473555487618473,0.9072149189850208,0.672577193518802,0
0.0,0.7847752980739845,0.42295933965148236,0.488535616019565,0.8631916845001538,1.0,0.6473555487618473,0.9072149189850208,0.672577193518802,0.6783858147355553,0
0.6270198675496708,0.0,0.1136423841059593,0.76291390728477,1.0,0.38887417218543213,0.8392052980132467,0.4325827814569547,0.4426490066225175,0.6929801324503303,0
0.0,0.1136423841059593,0.76291390728477,1.0,0.38887417218543213,0.8392052980132467,0.4325827814569547,0.4426490066225175,0.6929801324503303,0.34860927152317794,0
0.45433789954337783,0.854044357469016,1.0,0.6237769080234841,0.9010110893672547,0.6506849315068496,0.6568819308545338,0.8109915198956288,0.5989889106327453,0.0,0
0.9286511479591841,1.0,0.81608737244898,0.9516103316326535,0.8292410714285716,0.8322704081632655,0.9076052295918364,0.8039700255102037,0.5111607142857145,0.0,0
1.0,0.8671618586975302,0.9650486554960561,0.8766626360338575,0.8788506938446481,0.9332642367708871,0.8584096274543672,0.6469165659008467,0.27771060056428876,0.0,0
0.8985680190930788,1.0,0.9084128878281622,0.9106801909307874,0.9670644391408109,0.889498806682577,0.670346062052506,0.2877684964200478,0.0,0.1451073985680187,0
1.0,0.9171658302304246,0.9192164481139711,0.970212077060061,0.9000593599913653,0.7018509524580434,0.35583616642383054,0.09556958609896946,0.2268091306459444,0.0,0
0.9453251015073145,0.9474386784582016,1.0,0.9276934201012292,0.7233995216641642,0.36676122142499623,0.09850381000055643,0.23377273485733346,0.0,0.2027365259469384,0
0.9474386784582016,1.0,0.9276934201012292,0.7233995216641642,0.36676122142499623,0.09850381000055643,0.23377273485733346,0.0,0.2027365259469384,0.07197285722231524,0
1.0,0.9276934201012292,0.7233995216641642,0.36676122142499623,0.09850381000055643,0.23377273485733346,0.0,0.2027365259469384,0.07197285722231524,0.021914455753935455,0
1.0,0.8465683612515147,0.5787209156606378,0.3772505117172817,0.4788420568946071,0.30327081331718125,0.4555328125652704,0.3573248673712356,0.3197293120013371,0.0,0
1.0,0.6882081205932411,0.4536834427425238,0.571942620957938,0.3675662533430586,0.5448091417456845,0.4304886943836618,0.3867250182348653,0.014539265742766875,0.0,0
1.0,0.6809341095527918,0.8418232336596979,0.5637734850489546,0.8049087060068801,0.6493781423657055,0.5898385816353535,0.08348769515744904,0.06370732998147652,0.0,0
0.8619280118087889,1.0,0.7613829908027706,0.9683206540252076,0.8348472805722725,0.7837515612580906,0.3492108550017032,0.3322357215851027,0.2775633019189281,0.0,1
1.0,0.7791149884380913,0.9706747950388904,0.847120033634644,0.7998213159554345,0.3975719991591338,0.3818583140634853,0.33124868614673103,0.07431154088711367,0.0,1
0.8026529507309148,1.0,0.8727125067677315,0.8239848402815377,0.40958310774228457,0.3933946940985379,0.34125609095831055,0.07655657823497554,0.0,0.09794260963724974,0
1.0,0.8727125067677315,0.8239848402815377,0.40958310774228457,0.3933946940985379,0.34125609095831055,0.07655657823497554,0.0,0.09794260963724974,0.10037899296155907,0
1.0,0.9441652707984366,0.46932191823314073,0.4507723804206213,0.3910292201749485,0.08772256343445611,0.0,0.11222780569514254,0.11501954215522028,0.14324709969601107,0
1.0,0.49707602339181256,0.4774295288783753,0.4141533609304156,0.09291017806688995,0.0,0.11886457717327042,0.12182140745121202,0.15171824692818203,0.00696497798804165,0
1.0,0.9604758757435558,0.833179114342366,0.186913417052214,0.0,0.23912756113681477,0.245076007931262,0.3052214144084605,0.014011896893589683,0.01295439524124281,0
1.0,0.8865189724251707,0.31039358944143236,0.1437662031581422,0.3569408437426349,0.36224369549846724,0.41586141880744765,0.15625736507188318,0.15531463587084568,0.0,0
1.0,0.3681829930214527,0.18544843628844693,0.4192297751356947,0.42504523132592387,0.4838459550271395,0.199147066425434,0.19811320754717035,0.02778495735332245,0.0,0
0.875313457787684,0.6783226525494563,0.9303427138478685,0.9366118696015594,1.0,0.693089997213709,0.6919754806352744,0.5083588743382564,0.4784062412928387,0.0,0
0.7931188961562582,0.9552011468506406,0.9592330436340823,1.0,0.8026162530239228,0.8018994713735328,0.6838096944718219,0.6645461876175965,0.3568676641877966,0.0,0
0.956691208315288,0.9605889995669115,1.0,0.8091814638371593,0.8084885231702035,0.6943265482893032,0.6757037678648762,0.3782589865742746,0.033261152013859076,0.0,0
0.9741124260355025,1.0,0.8746586253982706,0.8742034592626308,0.799214838416022,0.7869822485207097,0.5916021847974509,0.3649863450159307,0.3431383705052341,0.0,1
1.0,0.8746586253982706,0.8742034592626308,0.799214838416022,0.7869822485207097,0.5916021847974509,0.3649863450159307,0.3431383705052341,0.0,0.04938552571688638,1
1.0,0.9994796071033628,0.9137448773824238,0.8997593182853049,0.6763806674038896,0.41729005399076285,0.3923111949521885,0.0,0.05646262928510993,0.06823651857152117,0
1.0,0.9176301481157431,0.9041934879070056,0.6895819011311792,0.4406599587525779,0.4166614586588336,0.03974751578026382,0.09399412536716432,0.10530591838010103,0.0,1
1.0,0.9853572158278275,0.7514813049104403,0.48021521487434427,0.45406252128311614,0.04331539876047137,0.1024313832323092,0.11475856432609113,0.0,0.04644827351358708,0
1.0,0.7626486038153166,0.48735139618468354,0.4608100635886092,0.043959082112247826,0.10395355266795665,0.11646392037600202,0.0,0.04713851257948573,0.25767210395355256,0
1.0,0.6390248323364148,0.6042233097698022,0.05764002175095174,0.13630596338589784,0.1527098060540146,0.0,0.06180895414174365,0.33786478158419414,0.008428493746601477,1
1.0,0.9455396397674084,0.09019997163522925,0.21330307757764808,0.23897319529144756,0.0,0.09672386895475811,0.5287193305914052,0.013189618493830761,0.051340235427598996,1
1.0,0.20634293986050817,0.32056849585471736,0.3443874193972888,0.12264771680484272,0.21239636794315037,0.6132385840242136,0.13488616923279387,0.17028556388998561,0.0,1
0.33648068669527936,0.5227467811158792,0.5615879828326176,0.2,0.34635193133047204,1.0,0.21995708154506455,0.27768240343347655,0.0,0.3223175965665234,1
0.5227467811158792,0.5615879828326176,0.2,0.34635193133047204,1.0,0.21995708154506455,0.27768240343347655,0.0,0.3223175965665234,0.648497854077253,1
0.5615879828326176,0.2,0.34635193133047204,1.0,0.21995708154506455,0.27768240343347655,0.0,0.3223175965665234,0.648497854077253,0.6060085836909865,1
0.2,0.34635193133047204,1.0,0.21995708154506455,0.27768240343347655,0.0,0.3223175965665234,0.648497854077253,0.6060085836909865,0.9431330472103009,1
0.26788381742738565,0.7734439834024891,0.17012448132780084,0.21477178423236512,0.0,0.24929460580912832,0.5015767634854766,0.4687136929460573,0.7294605809128629,1.0,1
0.3799429270281286,0.08357113738279659,0.10550346514472075,0.0,0.12246229107215642,0.24639217284957177,0.23024867509172406,0.3583367305340399,0.4912352221769263,1.0,1
0.08357113738279659,0.10550346514472075,0.0,0.12246229107215642,0.24639217284957177,0.23024867509172406,0.3583367305340399,0.4912352221769263,1.0,0.9983693436608235,1
0.09863556673526944,0.0,0.11449043372208234,0.23035292324110046,0.21526030947480718,0.33501029041847696,0.45925756536321366,0.9349035749676041,0.9333790685265645,1.0,1
0.0,0.09305495322470714,0.18722507899138818,0.17495818102967567,0.2722879623319496,0.37327303141069323,0.7598661792949629,0.7586270986927698,0.8127749210086115,1.0,1
0.0,0.10383222897738906,0.09030671493954483,0.19762278844183345,0.30896919188469163,0.7352278161076574,0.7338616025684813,0.7935651342304801,1.0,0.8596215588496477,1
0.014868213561613105,0.0,0.11796951265300014,0.24036945257941,0.7089434557332731,0.7074416159795749,0.7730720132161898,1.0,0.8456859653075013,0.7836599834797624,1
0.0,0.11796951265300014,0.24036945257941,0.7089434557332731,0.7074416159795749,0.7730720132161898,1.0,0.8456859653075013,0.7836599834797624,0.9481114365097238,1
0.0,0.10608525870484878,0.5122030589000977,0.5109013992840873,0.5677839245037424,0.764464692482916,0.6307191669378457,0.5769606247966156,0.7194923527497558,1.0,1
0.0,0.3369694351441839,0.33588940490333724,0.38308672642833996,0.5462792958202831,0.4353061885732798,0.39070093962630936,0.5089642509990276,0.741710767901501,1.0,1
0.0016262806960480453,0.0,0.07106846641730369,0.3167994795901775,0.1496991380712308,0.0825337453244428,0.2606114815417137,0.6110749715400875,1.0,0.9160839160839157,1
0.0,0.0676889714993805,0.3017348203221812,0.14258054522924385,0.07860904584882263,0.24821871127633174,0.5820167286245351,0.9524473358116482,0.872521685254027,1.0,1
0.0,0.21421989083433784,0.06854752959523615,0.009995037924434456,0.1652371163252283,0.47075919756149426,0.8098107322605803,0.7366555610689729,0.8533352236478348,1.0,1
0.14035173186534838,0.040239684318214994,0.0,0.10668875140059424,0.31665611146295125,0.5496662931748432,0.49939104593949435,0.5795781166268819,0.680372192721781,1.0,0
0.040239684318214994,0.0,0.10668875140059424,0.31665611146295125,0.5496662931748432,0.49939104593949435,0.5795781166268819,0.680372192721781,1.0,0.5482048034296292,1
0.0,0.10668875140059424,0.31665611146295125,0.5496662931748432,0.49939104593949435,0.5795781166268819,0.680372192721781,1.0,0.5482048034296292,0.7790714668485408,1
0.0,0.23504390031084704,0.49588264165348783,0.4396029884932105,0.5293668539019472,0.6421988329606805,1.0,0.4942466052244096,0.7526858264710693,0.666630310301576,1
0.0,0.3409852427461328,0.2674128466528837,0.3847579667783563,0.5322592143722819,1.0,0.3388465103015611,0.6766949454623225,0.5641976188778783,0.8254794325229913,1
0.10042818217205188,0.0,0.16017905799922186,0.36152199299338245,1.0,0.09750875827170088,0.5586804203970414,0.40511872323861425,0.7617750097314128,0.8123783573374856,1
0.0,0.16017905799922186,0.36152199299338245,1.0,0.09750875827170088,0.5586804203970414,0.40511872323861425,0.7617750097314128,0.8123783573374856,0.6278707668353444,1
0.06944144921285372,0.29253827905973684,1.0,0.0,0.5109984904032778,0.3408453741643305,0.7360362303213283,0.792106965710589,0.5876644382143626,0.6274530946732807,1
0.29253827905973684,1.0,0.0,0.5109984904032778,0.3408453741643305,0.7360362303213283,0.792106965710589,0.5876644382143626,0.6274530946732807,0.7734526633599311,1
0.5650743358518158,0.0,0.28875213258591265,0.1926029734340727,0.4159151840116987,0.44759931757250815,0.33207409212771144,0.3545576407506706,0.43705825006093113,1.0,0
0.0,0.27843713278495874,0.1857226792009401,0.4010575793184487,0.4316098707403056,0.3202115158636897,0.3418918918918921,0.42144535840188013,0.9642773207990597,1.0,0
0.09332308238216316,0.0,0.21674847714235004,0.24750133065231542,0.13537169554675013,0.15719439351824493,0.23727009284996153,0.783665503577976,0.8196226861434739,1.0,0
0.0,0.21674847714235004,0.24750133065231542,0.13537169554675013,0.15719439351824493,0.23727009284996153,0.783665503577976,0.8196226861434739,1.0,0.8591874149861017,0
0.09411764705882344,0.12968536251710008,0.0,0.025239398084815685,0.11785225718194263,0.7497948016415866,0.7913816689466485,1.0,0.8371409028727766,0.5732558139534886,0
0.12968536251710008,0.0,0.025239398084815685,0.11785225718194263,0.7497948016415866,0.7913816689466485,1.0,0.8371409028727766,0.5732558139534886,0.5673050615595078,0
0.0,0.025239398084815685,0.11785225718194263,0.7497948016415866,0.7913816689466485,1.0,0.8371409028727766,0.5732558139534886,0.5673050615595078,0.5633378932968536,0
0.0,0.09501087642972399,0.7433162585081745,0.7859799312328959,1.0,0.8329240053329586,0.5622061609711599,0.5561013262227212,0.5520314363904285,0.376605150515753,1
0.05537244561634767,0.7320735369515854,0.7766058741668498,1.0,0.8256060938987764,0.5430308357137625,0.5366586098293415,0.5324104592397272,0.349300520032227,0.0,1
0.7320735369515854,0.7766058741668498,1.0,0.8256060938987764,0.5430308357137625,0.5366586098293415,0.5324104592397272,0.349300520032227,0.0,0.04731560829121749,1
0.7766058741668498,1.0,0.8256060938987764,0.5430308357137625,0.5366586098293415,0.5324104592397272,0.349300520032227,0.0,0.04731560829121749,0.3948582729070532,0
1.0,0.8256060938987764,0.5430308357137625,0.5366586098293415,0.5324104592397272,0.349300520032227,0.0,0.04731560829121749,0.3948582729070532,0.3732513000805679,0
1.0,0.6577359829666434,0.6500177430801991,0.6448722498225692,0.42308374733853776,0.0,0.05731014904187303,0.478264726756565,0.4520936834634489,0.2597586941092973,0
1.0,0.988265443755058,0.9804424062584294,0.6432425141623948,0.0,0.08713245211761429,0.7271378473158886,0.6873482600485559,0.39492851362287534,0.37038036147828335,1
1.0,0.9927680798004982,0.6810473815461343,0.08640897755611048,0.16695760598503714,0.7586034912718204,0.7218204488778049,0.45149625935162113,0.42880299251870285,0.0,1
1.0,0.6860085405676966,0.08703843255463531,0.16817382567194153,0.764129615674454,0.7270786234614416,0.45478522984174874,0.4319266515950764,0.0,0.27267018337101273,0
0.8977646285338589,0.11390532544378797,0.22008547008546975,1.0,0.9515121630506239,0.5951676528599609,0.5652531229454301,0.0,0.35683760683760724,0.39234056541748835,0
0.11390532544378797,0.22008547008546975,1.0,0.9515121630506239,0.5951676528599609,0.5652531229454301,0.0,0.35683760683760724,0.39234056541748835,0.7020052596975677,0
0.22008547008546975,1.0,0.9515121630506239,0.5951676528599609,0.5652531229454301,0.0,0.35683760683760724,0.39234056541748835,0.7020052596975677,0.4365548980933604,0
1.0,0.965601679104477,0.7128031716417911,0.6915811567164174,0.2905783582089548,0.5437266791044776,0.5689132462686564,0.7885960820895522,0.6002798507462689,0.0,0
1.0,0.8524768644529126,0.8400925421883505,0.6060832879695154,0.7538105606967884,0.7685084376701143,0.8967065868263476,0.7868127381600439,0.4365133369624388,0.0,0
0.9506753680376385,0.9368644710881768,0.6758992259826981,0.8406434967369859,0.8570344513583242,1.0,0.877447260585825,0.4867961754439216,0.0,0.13788131734709336,0
0.9368644710881768,0.6758992259826981,0.8406434967369859,0.8570344513583242,1.0,0.877447260585825,0.4867961754439216,0.0,0.13788131734709336,0.023827591440279156,0
0.6758992259826981,0.8406434967369859,0.8570344513583242,1.0,0.877447260585825,0.4867961754439216,0.0,0.13788131734709336,0.023827591440279156,0.028001214144786322,0
0.8528381219341276,0.8679747722494743,1.0,0.886825508058865,0.5260686755430976,0.07652417659425416,0.20385423966363014,0.09852838121934165,0.10238262088297133,0.0,1
0.9054833692871117,1.0,0.9189785782370944,0.6607133898560178,0.3388852656398939,0.43004063613103904,0.3546380374253752,0.35739728089098477,0.2841017408317864,0.0,1
1.0,0.9189785782370944,0.6607133898560178,0.3388852656398939,0.43004063613103904,0.3546380374253752,0.35739728089098477,0.2841017408317864,0.0,0.2475793909597151,1
1.0,0.7189649525057321,0.36876296538923486,0.46795501692324487,0.38590457473523326,0.3889070859264111,0.30914947046620794,0.0,0.2694071405175238,0.23774429522873705,1
1.0,0.512908124525437,0.6508731966590736,0.5367501898253609,0.5409263477600607,0.4299924069855731,0.0,0.3747152619589978,0.33067577828397915,0.46780561883067573,1
0.7880307979468041,1.0,0.824661689220719,0.831077928138124,0.6606392907139521,0.0,0.575711619225385,0.5080494633691094,0.718735417638824,0.746616892207186,1
1.0,0.824661689220719,0.831077928138124,0.6606392907139521,0.0,0.575711619225385,0.5080494633691094,0.718735417638824,0.746616892207186,0.8839244050396635,1
0.6910743963241763,0.696451266008407,0.5536220549418316,0.0,0.48245185257600925,0.42575031772411803,0.6023071659008697,0.6256721087105284,0.7407371199530739,1.0,0
0.696451266008407,0.5536220549418316,0.0,0.48245185257600925,0.42575031772411803,0.6023071659008697,0.6256721087105284,0.7407371199530739,1.0,0.7522729494574248,1
0.5536220549418316,0.0,0.48245185257600925,0.42575031772411803,0.6023071659008697,0.6256721087105284,0.7407371199530739,1.0,0.7522729494574248,0.9117215759116231,0
0.0,0.48245185257600925,0.42575031772411803,0.6023071659008697,0.6256721087105284,0.7407371199530739,1.0,0.7522729494574248,0.9117215759116231,0.8904096197086712,0
0.09874021109976087,0.0,0.3074565883554638,0.3481443649982964,0.548518896833502,1.0,0.5686074225400063,0.8462717058222662,0.8091590057882186,0.7763023493360575,0
0.0,0.3074565883554638,0.3481443649982964,0.548518896833502,1.0,0.5686074225400063,0.8462717058222662,0.8091590057882186,0.7763023493360575,0.7063329928498469,0
0.0,0.05875122910521098,0.3480825958702052,1.0,0.37708947885939054,0.7780235988200572,0.7244346116027527,0.6769911504424787,0.5759587020648974,0.48942969518190604,0
0.5831246597713656,0.7112683723462156,1.0,0.7241154055525311,0.9016875340228625,0.8779531845400105,0.8569406641262931,0.8121937942297224,0.7738704409363082,0.0,0
0.7112683723462156,1.0,0.7241154055525311,0.9016875340228625,0.8779531845400105,0.8569406641262931,0.8121937942297224,0.7738704409363082,0.0,0.07403375068045676,0
1.0,0.7914231624001974,0.9256728948884675,0.9077290311959829,0.8918429500370403,0.8580130051856121,0.829039427113342,0.2439706971767226,0.29994238208906066,0.0,1
0.8762612851832187,1.0,0.9834610424095293,0.968818754267507,0.9376375085350132,0.9109324027008572,0.37167134511797306,0.4232607541157726,0.14680221530991558,0.0,1
1.0,0.9834610424095293,0.968818754267507,0.9376375085350132,0.9109324027008572,0.37167134511797306,0.4232607541157726,0.14680221530991558,0.0,0.32053713678780077,0
1.0,0.9851114711100829,0.9534058474118648,0.9262516392810302,0.37792177736635046,0.4303787703463702,0.14927100208285093,0.0,0.32592764020674225,0.10421970222942213,1
1.0,0.9678151918559122,0.9402505873140163,0.38363351605324975,0.4368833202819103,0.15152701644479216,0.0,0.33085356303837105,0.10579483163664828,0.1734534064212997,1
1.0,0.9715187312889385,0.39639129379399624,0.4514119265312723,0.15656606521563202,0.0,0.34185613722793096,0.10931305121773596,0.1792216198721577,0.18577554818350978,1
1.0,0.40801199300408125,0.4646456233863579,0.16115599233780276,0.0,0.35187807112517716,0.11251769800949445,0.18447572249521105,0.191221787290747,0.34479886732739234,0
0.8101537952703818,0.9226062510335693,0.3199933851496603,0.0,0.698693567058045,0.22341657020009897,0.366297337522738,0.3796924094592355,0.6846370100876461,1.0,0
0.9226062510335693,0.3199933851496603,0.0,0.698693567058045,0.22341657020009897,0.366297337522738,0.3796924094592355,0.6846370100876461,1.0,0.9720522573176773,0
0.3199933851496603,0.0,0.698693567058045,0.22341657020009897,0.366297337522738,0.3796924094592355,0.6846370100876461,1.0,0.9720522573176773,0.8248718372746812,0
0.16176878292209604,0.7474355420016632,0.349043526476296,0.4688106459661765,0.48003881341835286,0.7356528971444408,1.0,0.9765733296368165,0.8532021070141388,0.0,0
0.7474355420016632,0.349043526476296,0.4688106459661765,0.48003881341835286,0.7356528971444408,1.0,0.9765733296368165,0.8532021070141388,0.0,0.12059883559744917,0
0.4151201893137374,0.5227301033752642,0.5328185328185323,0.7624859882924393,1.0,0.978951301531946,0.868103126167642,0.10150703699090766,0.20986424212230617,0.0,0
0.5227301033752642,0.5328185328185323,0.7624859882924393,1.0,0.978951301531946,0.868103126167642,0.10150703699090766,0.20986424212230617,0.0,0.032880807074355284,0
0.643407167981747,0.8187090027569157,1.0,0.9839338340146396,0.8993250308964728,0.3141933643882498,0.396900846088031,0.2367145165890296,0.2618119593117217,0.0,1
0.8187090027569157,1.0,0.9839338340146396,0.8993250308964728,0.3141933643882498,0.396900846088031,0.2367145165890296,0.2618119593117217,0.0,0.09126342808251751,1
1.0,0.9853793580759577,0.9083830781209444,0.3758975689938574,0.45116359546673557,0.30538973959685095,0.3282290855610346,0.08997318107102668,0.17302534821351323,0.0,1
1.0,0.9218612818261634,0.38147497805092184,0.457857769973661,0.30992098331870077,0.333099209833187,0.09130816505706742,0.17559262510974544,0.0,0.11975417032484625,1
1.0,0.4138095238095237,0.4966666666666664,0.3361904761904763,0.3613333333333333,0.09904761904761883,0.19047619047619047,0.0,0.12990476190476177,0.3124761904761905,1
0.8331735378715246,1.0,0.6768935762224358,0.7275167785234902,0.19942473633748767,0.3835091083413233,0.0,0.2615532118887822,0.6291466922339408,0.6049856184084377,1
0.9843337108342763,0.6662891657229143,0.7161192902982254,0.19630049075122638,0.37750094375235926,0.0,0.2574556436391088,0.6192902982257454,0.5955077387693469,1.0,0
0.6662891657229143,0.7161192902982254,0.19630049075122638,0.37750094375235926,0.0,0.2574556436391088,0.6192902982257454,0.5955077387693469,1.0,0.7895432238580591,1
0.7161192902982254,0.19630049075122638,0.37750094375235926,0.0,0.2574556436391088,0.6192902982257454,0.5955077387693469,1.0,0.7895432238580591,0.8484333710834272,1
0.19630049075122638,0.37750094375235926,0.0,0.2574556436391088,0.6192902982257454,0.5955077387693469,1.0,0.7895432238580591,0.8484333710834272,0.9822574556436392,1
0.37750094375235926,0.0,0.2574556436391088,0.6192902982257454,0.5955077387693469,1.0,0.7895432238580591,0.8484333710834272,0.9822574556436392,0.9747074367685913,0
0.0,0.19685380285755494,0.4735171020349256,0.4553326598354741,0.7646124981959879,0.6036946168278247,0.6487227594169429,0.7510463270313177,0.7452734882378406,1.0,0
0.0,0.3444743935309974,0.3218328840970353,0.7069182389937109,0.506558849955076,0.5626235399820303,0.6900269541778977,0.6828391734052107,1.0,0.9543575920934408,0
0.033386327503974314,0.0,0.5678325384207737,0.27239003709591864,0.3550609432962367,0.542925278219396,0.5323264440911492,1.0,0.9326974032856381,0.6030736618971909,0
0.340670859538784,0.7150593990216632,0.5202655485674348,0.5747728860936403,0.6986373165618449,0.6916491963661769,1.0,0.9556254367575119,0.7382948986722568,0.0,1
0.7150593990216632,0.5202655485674348,0.5747728860936403,0.6986373165618449,0.6916491963661769,1.0,0.9556254367575119,0.7382948986722568,0.0,0.21139063591893717,1
0.5541484007144013,0.6048059749959406,0.7199220652703362,0.7134275044650101,1.0,0.9587595388861825,0.7567786978405584,0.07062834875791558,0.2670888131190125,0.0,1
0.6048059749959406,0.7199220652703362,0.7134275044650101,1.0,0.9587595388861825,0.7567786978405584,0.07062834875791558,0.2670888131190125,0.0,0.06429615197272248,1
0.7199220652703362,0.7134275044650101,1.0,0.9587595388861825,0.7567786978405584,0.07062834875791558,0.2670888131190125,0.0,0.06429615197272248,0.09774314012014904,1
0.7134275044650101,1.0,0.9587595388861825,0.7567786978405584,0.07062834875791558,0.2670888131190125,0.0,0.06429615197272248,0.09774314012014904,0.3211560318233483,1
1.0,0.9587595388861825,0.7567786978405584,0.07062834875791558,0.2670888131190125,0.0,0.06429615197272248,0.09774314012014904,0.3211560318233483,0.8213995778535478,0
0.8325109262653321,0.6571267446778515,0.06132806992809844,0.23191879317637087,0.0,0.05582969124488903,0.08487240941773554,0.27886648808684655,0.7132384040603416,1.0,0
0.6571267446778515,0.06132806992809844,0.23191879317637087,0.0,0.05582969124488903,0.08487240941773554,0.27886648808684655,0.7132384040603416,1.0,0.7111236430283377,0
0.06132806992809844,0.23191879317637087,0.0,0.05582969124488903,0.08487240941773554,0.27886648808684655,0.7132384040603416,1.0,0.7111236430283377,0.5575919921048923,0
0.23191879317637087,0.0,0.05582969124488903,0.08487240941773554,0.27886648808684655,0.7132384040603416,1.0,0.7111236430283377,0.5575919921048923,0.29085013393486525,1
0.0,0.05582969124488903,0.08487240941773554,0.27886648808684655,0.7132384040603416,1.0,0.7111236430283377,0.5575919921048923,0.29085013393486525,0.4563654307063302,1
0.0,0.03076004180976559,0.23622517545169544,0.6962819172763929,1.0,0.6940421084067493,0.5314319844706588,0.24891742571300596,0.42421979991040787,0.38270867552635573,1
0.0,0.21198582652904085,0.6866430442150675,1.0,0.6843321522107534,0.5165613926975815,0.2250808812201511,0.405946695424434,0.3631181636111545,0.2273917732244653,1
0.0,0.6023460410557188,1.0,0.59941348973607,0.38651026392961857,0.01661779081133854,0.24613880742912964,0.19178885630498546,0.019550342130987303,0.5771260997067448,0
0.5956262425447322,1.0,0.5926441351888667,0.37614314115308173,0.0,0.23339960238568602,0.17813121272365873,0.0029821073558654885,0.5699801192842944,0.43320079522862853,0
1.0,0.5926441351888667,0.37614314115308173,0.0,0.23339960238568602,0.17813121272365873,0.0029821073558654885,0.5699801192842944,0.43320079522862853,0.26520874751491114,0
1.0,0.6346863468634691,0.0,0.39382757463938306,0.30057027843005824,0.005031868500504331,0.9617577993961762,0.7309627641730969,0.4475008386447511,0.6363636363636372,0
0.6599232647366587,0.0,0.40948726892221843,0.3125217997907231,0.005231949773283363,1.0,0.7600279037321245,0.4652947331705624,0.6616672479944198,0.5650505755144744,0
0.0,0.40948726892221843,0.3125217997907231,0.005231949773283363,1.0,0.7600279037321245,0.4652947331705624,0.6616672479944198,0.5650505755144744,0.5570282525287764,0
0.4063814866760162,0.30890603085554025,0.0,1.0,0.758765778401122,0.46248246844319796,0.6598877980364658,0.5627629733520324,0.5546984572230015,0.21844319775595952,0
0.5668131868131873,0.37318681318681357,1.0,0.8487912087912088,0.6630769230769235,0.786813186813187,0.7259340659340653,0.7208791208791211,0.5101098901098896,0.0,0
0.5134766291368137,1.0,0.8826339133401571,0.7384851586489256,0.8345274650290005,0.787273967929034,0.7833503923575573,0.6197543500511767,0.22381439781644497,0.0,0
1.0,0.8969288389513109,0.7703370786516857,0.8546816479400751,0.8131835205992505,0.809737827715356,0.6660674157303368,0.31835205992509363,0.12179775280898869,0.0,0
1.0,0.8588608652079508,0.9528979455486889,0.9066310339067976,0.9027893769834643,0.742608986136629,0.3549356940036746,0.13579422081175874,0.0,0.09420410890262211,0
0.9098045498237746,1.0,0.9556231976930465,0.9519384812560077,0.7983018263377119,0.42646587632169175,0.21627683434796535,0.08603011855174629,0.1763857737904516,0.0,0
1.0,0.9556231976930465,0.9519384812560077,0.7983018263377119,0.42646587632169175,0.21627683434796535,0.08603011855174629,0.1763857737904516,0.0,0.05238705543095131,0
1.0,0.9961819389110232,0.8369853917662683,0.4516932270916335,0.2338977423638776,0.09893758300132777,0.19256308100929573,0.009794156706506896,0.06407702523240305,0.0,0
1.0,0.8890688259109308,0.6205899363794098,0.4688259109311738,0.37478311162521666,0.4400231347599765,0.31266628108733346,0.3504916136495079,0.3058415268941585,0.0,0
1.0,0.7689857668955908,0.6383995222454465,0.5574798447297702,0.6136160047775455,0.5040310540459839,0.5365780830098535,0.49815865432467427,0.23499552105106022,0.0,0
1.0,0.8301837949779963,0.7249546984209163,0.7979549572870823,0.6554491327983432,0.6977737509707478,0.6478125808956772,0.3055915091897491,0.0,0.11623090862024285,0
1.0,0.9060875592006469,0.9712371491278733,0.8440568326210003,0.8818297331639133,0.8372415386392518,0.5318239574910479,0.25909668476377506,0.36282776943513884,0.0,0
0.9413416536661467,1.0,0.8854914196567863,0.9195007800312012,0.8793551742069686,0.6043681747269893,0.35881435257410305,0.4522100884035358,0.12553302132085278,0.0,0
1.0,0.888438544938697,0.9215726010740702,0.8824602289998991,0.6145506130307026,0.37531664808997894,0.46630864322626386,0.1480393150268519,0.025737156753470672,0.0,0
0.9736332849540398,1.0,0.9688759877439126,0.755684567005322,0.5653120464441221,0.6377197226253829,0.384454120303177,0.287131107885825,0.2666505402354459,0.0,1
1.0,0.970666464017023,0.7697393418952811,0.5903184132532869,0.6585606809028041,0.41986473136256564,0.32814043620335903,0.3088380576031613,0.05752716771791166,0.0,1
1.0,0.793000861191576,0.6081578329288342,0.6784623815861579,0.43255304157206603,0.3380568386440147,0.31817114225319015,0.05926563845611831,0.0,0.02685351914194008,1
1.0,0.7669069009773916,0.8555632342778157,0.5454635205844603,0.4263007207029322,0.4012242077204065,0.07473590680225088,0.0,0.03386316516931589,0.0900385033073354,0
0.8963766443572586,1.0,0.6375490422340182,0.49826909762289434,0.4689591507039003,0.08735287329794594,0.0,0.03957996768982239,0.10523886452804071,0.4246480498499888,0
1.0,0.6375490422340182,0.49826909762289434,0.4689591507039003,0.08735287329794594,0.0,0.03957996768982239,0.10523886452804071,0.4246480498499888,0.19478421417032082,0
1.0,0.7815384615384616,0.7355656108597283,0.13701357466063335,0.0,0.06208144796380103,0.1650678733031675,0.6660633484162898,0.3055203619909501,0.39638009049773715,0
1.0,0.9468508056078674,0.2548650345260515,0.09646369533375207,0.16823603264281267,0.28729859803306157,0.8664992676292113,0.4496756643649299,0.5547185603682775,0.0,1
1.0,0.2691712707182322,0.10187845303867434,0.17767955801105018,0.30342541436464127,0.9151381215469618,0.47491712707182343,0.5858563535911601,0.0,0.16839779005524871,0
0.3415183599909892,0.17098445595854977,0.24825411128632638,0.3764361342644744,1.0,0.5512502815949539,0.6643388150484338,0.06713223699031348,0.23879252083802685,0.0,1
0.17098445595854977,0.24825411128632638,0.3764361342644744,1.0,0.5512502815949539,0.6643388150484338,0.06713223699031348,0.23879252083802685,0.0,0.1297589547195324,1
0.24825411128632638,0.3764361342644744,1.0,0.5512502815949539,0.6643388150484338,0.06713223699031348,0.23879252083802685,0.0,0.1297589547195324,0.26199594503266593,1
0.3764361342644744,1.0,0.5512502815949539,0.6643388150484338,0.06713223699031348,0.23879252083802685,0.0,0.1297589547195324,0.26199594503266593,0.18720432529849051,1
1.0,0.5512502815949539,0.6643388150484338,0.06713223699031348,0.23879252083802685,0.0,0.1297589547195324,0.26199594503266593,0.18720432529849051,0.08695652173913065,1
0.8297728043404551,1.0,0.10105120379789818,0.3594438792811129,0.0,0.19532044760936065,0.3943709732112597,0.28179043743641913,0.13089182773821675,0.483553747032894,0
1.0,0.10105120379789818,0.3594438792811129,0.0,0.19532044760936065,0.3943709732112597,0.28179043743641913,0.13089182773821675,0.483553747032894,0.8531705662936595,0
0.11844197138314846,0.42130365659777474,0.0,0.22893481717011296,0.4622416534181256,0.3302861685214624,0.15341812400635968,0.5667726550079505,1.0,0.7142289348171705,1
0.42130365659777474,0.0,0.22893481717011296,0.4622416534181256,0.3302861685214624,0.15341812400635968,0.5667726550079505,1.0,0.7142289348171705,0.5075516693163762,1
0.0,0.22893481717011296,0.4622416534181256,0.3302861685214624,0.15341812400635968,0.5667726550079505,1.0,0.7142289348171705,0.5075516693163762,0.4634340222575522,1
0.08920187793427385,0.3647887323943678,0.20892018779342658,0.0,0.4882629107981234,1.0,0.6624413145539909,0.4183098591549305,0.3661971830985919,0.9455399061032852,0
0.3647887323943678,0.20892018779342658,0.0,0.4882629107981234,1.0,0.6624413145539909,0.4183098591549305,0.3661971830985919,0.9455399061032852,0.9000000000000002,0
0.20892018779342658,0.0,0.4882629107981234,1.0,0.6624413145539909,0.4183098591549305,0.3661971830985919,0.9455399061032852,0.9000000000000002,0.6600938967136147,0
0.0,0.4882629107981234,1.0,0.6624413145539909,0.4183098591549305,0.3661971830985919,0.9455399061032852,0.9000000000000002,0.6600938967136147,0.493896713615025,0
0.8301386940938136,1.0,0.8879538725261026,0.8069191210846192,0.7896213183730715,0.9819230169861302,0.9668069191210846,0.8871746922237804,0.8320087268193864,0.0,0
1.0,0.8915208207604104,0.813065781532891,0.7963186481593241,0.9824984912492453,0.9678636089318046,0.8907664453832226,0.8373566686783348,0.03183464091732066,0.0,0
0.9228308164832355,0.8562835935500389,0.8420783209623756,1.0,0.9875863834143848,0.922190939339647,0.8768876375735866,0.19362682364985956,0.1666240081904276,0.0,0
0.884690419960982,0.8732929458876684,1.0,0.9900400451791768,0.9375705924632921,0.9012218913646171,0.35301365643289895,0.33134818769894253,0.19765889721737348,0.0,0
0.874618979882138,1.0,0.9901442796179641,0.9382239382239383,0.9022556390977449,0.3597845966267022,0.3383458646616543,0.2060556797398903,0.010465352570615741,0.0,1
1.0,0.9901442796179641,0.9382239382239383,0.9022556390977449,0.3597845966267022,0.3383458646616543,0.2060556797398903,0.010465352570615741,0.0,0.0016256858362124064,1
1.0,0.9532479414455626,0.9208600182982619,0.4323879231473011,0.4130832570905764,0.2939615736505031,0.1178408051235132,0.10841720036596517,0.10988106129917674,0.0,1
1.0,0.9665817048994623,0.4625696214481262,0.4426508071367884,0.3197394505805719,0.1380156707259509,0.12829226847918415,0.12980269989615786,0.01642594165958634,0.0,1
1.0,0.47856235960543014,0.45795487840609417,0.33079402285379406,0.1427873815802322,0.13272780544975069,0.13429045805254416,0.01699384705537631,0.0,0.2736595370641662,0
1.0,0.9569387755102038,0.6912244897959179,0.29836734693877504,0.2773469387755097,0.28061224489795916,0.03551020408163226,0.0,0.5718367346938772,0.5799999999999997,0
1.0,0.7223288547664745,0.31179355939432674,0.2898272552783105,0.2932394966943912,0.03710812539987164,0.0,0.5975687779910427,0.6060993815312432,0.8475154617189165,0
0.8522898842476093,0.36789129340714605,0.34197282335178614,0.34599899345747376,0.04378459989934528,0.0,0.7050830397584297,0.7151484650226473,1.0,0.9375943633618523,1
0.36789129340714605,0.34197282335178614,0.34599899345747376,0.04378459989934528,0.0,0.7050830397584297,0.7151484650226473,1.0,0.9375943633618523,0.36612984398590814,1
0.34197282335178614,0.34599899345747376,0.04378459989934528,0.0,0.7050830397584297,0.7151484650226473,1.0,0.9375943633618523,0.36612984398590814,0.6706089582284849,1
0.34599899345747376,0.04378459989934528,0.0,0.7050830397584297,0.7151484650226473,1.0,0.9375943633618523,0.36612984398590814,0.6706089582284849,0.6703573225968797,1
0.04217159476490502,0.0,0.6791080950072707,0.688802714493456,0.9631604459524961,0.9030538051381483,0.3526417838099851,0.6459040232670864,0.6456616577799319,1.0,1
0.0,0.4430039525691697,0.4493280632411065,0.6283003952569167,0.589090909090909,0.23003952569169933,0.4213438735177862,0.42118577075098795,0.6523320158102766,1.0,0
0.2765913757700204,0.28480492813141683,0.517248459958932,0.46632443531827517,0.0,0.248459958932238,0.24825462012320326,0.5484599589322382,1.0,0.8747433264887059,0
0.28480492813141683,0.517248459958932,0.46632443531827517,0.0,0.248459958932238,0.24825462012320326,0.5484599589322382,1.0,0.8747433264887059,0.9537987679671458,0
0.517248459958932,0.46632443531827517,0.0,0.248459958932238,0.24825462012320326,0.5484599589322382,1.0,0.8747433264887059,0.9537987679671458,0.6334702258726896,0
0.46632443531827517,0.0,0.248459958932238,0.24825462012320326,0.5484599589322382,1.0,0.8747433264887059,0.9537987679671458,0.6334702258726896,0.4236139630390141,1
0.0,0.248459958932238,0.24825462012320326,0.5484599589322382,1.0,0.8747433264887059,0.9537987679671458,0.6334702258726896,0.4236139630390141,0.3689938398357288,1
0.0002731494127285141,0.0,0.39934444140945097,1.0,0.8333788582354542,0.9385413821360284,0.5124282982791583,0.233269598470363,0.16061185468451225,0.5058727123736685,1
0.0,0.39934444140945097,1.0,0.8333788582354542,0.9385413821360284,0.5124282982791583,0.233269598470363,0.16061185468451225,0.5058727123736685,0.339524720021852,1
0.28441262609827545,1.0,0.8014969085584114,0.9267816465994143,0.41913439635535266,0.08656036446469233,0.0,0.41132443865929086,0.2131467621217054,0.5138301334201101,0
1.0,0.8014969085584114,0.9267816465994143,0.41913439635535266,0.08656036446469233,0.0,0.41132443865929086,0.2131467621217054,0.5138301334201101,0.5532053368044253,0
0.8648174157303363,1.0,0.4522471910112355,0.09339887640449421,0.0,0.4438202247191014,0.22998595505618002,0.5544241573033701,0.5969101123595502,0.5238764044943822,0
1.0,0.4522471910112355,0.09339887640449421,0.0,0.4438202247191014,0.22998595505618002,0.5544241573033701,0.5969101123595502,0.5238764044943822,0.39782303370786537,0
0.7576470588235291,0.15647058823529392,0.0,0.7435294117647068,0.3852941176470595,0.9288235294117643,1.0,0.8776470588235303,0.6664705882352948,0.27294117647058913,1
0.15647058823529392,0.0,0.7435294117647068,0.3852941176470595,0.9288235294117643,1.0,0.8776470588235303,0.6664705882352948,0.27294117647058913,0.37470588235294144,1
0.0,0.7435294117647068,0.3852941176470595,0.9288235294117643,1.0,0.8776470588235303,0.6664705882352948,0.27294117647058913,0.37470588235294144,0.6911764705882353,1
0.6472491909385121,0.1545307443365695,0.9021035598705494,1.0,0.8317152103559882,0.5412621359223305,0.0,0.1399676375404524,0.5752427184466015,0.3745954692556635,1
0.1545307443365695,0.9021035598705494,1.0,0.8317152103559882,0.5412621359223305,0.0,0.1399676375404524,0.5752427184466015,0.3745954692556635,0.4555016181229775,0
0.9021035598705494,1.0,0.8317152103559882,0.5412621359223305,0.0,0.1399676375404524,0.5752427184466015,0.3745954692556635,0.4555016181229775,0.7095469255663425,0
1.0,0.8317152103559882,0.5412621359223305,0.0,0.1399676375404524,0.5752427184466015,0.3745954692556635,0.4555016181229775,0.7095469255663425,0.6059870550161804,0
1.0,0.6507782101167312,0.0,0.16828793774318965,0.6916342412451346,0.45038910505836527,0.547665369649805,0.8531128404669243,0.7285992217898813,0.5136186770428016,0
0.9476861167002016,0.7794265593561372,0.8229376257545273,0.9582494969818914,0.8958752515090547,0.9210261569416502,1.0,0.9678068410462777,0.912223340040242,0.0,1
0.7794265593561372,0.8229376257545273,0.9582494969818914,0.8958752515090547,0.9210261569416502,1.0,0.9678068410462777,0.912223340040242,0.0,0.18184104627766579,1
0.8229376257545273,0.9582494969818914,0.8958752515090547,0.9210261569416502,1.0,0.9678068410462777,0.912223340040242,0.0,0.18184104627766579,0.26006036217303835,1
0.9582494969818914,0.8958752515090547,0.9210261569416502,1.0,0.9678068410462777,0.912223340040242,0.0,0.18184104627766579,0.26006036217303835,0.15643863179074446,1
0.8958752515090547,0.9210261569416502,1.0,0.9678068410462777,0.912223340040242,0.0,0.18184104627766579,0.26006036217303835,0.15643863179074446,0.5080482897384304,0
0.9210261569416502,1.0,0.9678068410462777,0.912223340040242,0.0,0.18184104627766579,0.26006036217303835,0.15643863179074446,0.5080482897384304,0.518611670020121,0
1.0,0.9678068410462777,0.912223340040242,0.0,0.18184104627766579,0.26006036217303835,0.15643863179074446,0.5080482897384304,0.518611670020121,0.4421529175050306,0
1.0,0.9425675675675681,0.0,0.18788981288981269,0.2687110187110189,0.16164241164241167,0.5249480249480248,0.5358627858627861,0.4568607068607073,0.3599272349272349,1
1.0,0.0,0.19933829611248932,0.28508409153570446,0.17149159084642948,0.5569341053212016,0.568513923352633,0.4846980976013236,0.38185828508409125,0.39233526330300483,1
0.0,0.35063045586808866,0.5014548981571291,0.3016488845780794,0.9796314258001932,1.0,0.852570320077595,0.6716779825412217,0.6901066925315221,0.7725509214354996,0
0.07013888888888822,0.2861111111111113,0.0,0.9708333333333322,1.0,0.7888888888888895,0.5298611111111106,0.5562499999999991,0.6743055555555558,0.6541666666666656,0
0.2861111111111113,0.0,0.9708333333333322,1.0,0.7888888888888895,0.5298611111111106,0.5562499999999991,0.6743055555555558,0.6541666666666656,0.5777777777777771,0
0.0,0.9708333333333322,1.0,0.7888888888888895,0.5298611111111106,0.5562499999999991,0.6743055555555558,0.6541666666666656,0.5777777777777771,0.5986111111111112,0
0.9379615952732622,1.0,0.5509601181683919,0.0,0.0561299852289505,0.3072378138847872,0.26440177252584773,0.10192023633677942,0.1462333825701636,0.07385524372230418,1
1.0,0.5891891891891906,0.08513513513513446,0.13648648648648515,0.366216216216217,0.3270270270270251,0.1783783783783773,0.21891891891891938,0.15270270270270198,0.0,0
1.0,0.1444954128440352,0.2316513761467862,0.6215596330275228,0.5550458715596284,0.3027522935779791,0.3715596330275228,0.2591743119266037,0.0,0.13990825688073663,0
0.23247232472324486,0.37269372693726494,1.0,0.8929889298892917,0.48708487084870455,0.5977859778597785,0.4169741697416945,0.0,0.2250922509225136,0.5498154981549833,0
0.37269372693726494,1.0,0.8929889298892917,0.48708487084870455,0.5977859778597785,0.4169741697416945,0.0,0.2250922509225136,0.5498154981549833,0.9778597785977852,0
1.0,0.9645476772616112,0.8300733496332502,0.8667481662591684,0.8068459657701698,0.6687041564792169,0.7432762836185828,0.8508557457212717,0.9926650366748163,0.0,1
0.9716748768472884,0.8362068965517226,0.8731527093596059,0.8128078817733979,0.6736453201970438,0.748768472906405,0.8571428571428577,1.0,0.0,0.03817733990147809,1
0.8362068965517226,0.8731527093596059,0.8128078817733979,0.6736453201970438,0.748768472906405,0.8571428571428577,1.0,0.0,0.03817733990147809,0.0160098522167482,1
0.8731527093596059,0.8128078817733979,0.6736453201970438,0.748768472906405,0.8571428571428577,1.0,0.0,0.03817733990147809,0.0160098522167482,0.19950738916256203,1
0.8128078817733979,0.6736453201970438,0.748768472906405,0.8571428571428577,1.0,0.0,0.03817733990147809,0.0160098522167482,0.19950738916256203,0.4174876847290621,1
0.6736453201970438,0.748768472906405,0.8571428571428577,1.0,0.0,0.03817733990147809,0.0160098522167482,0.19950738916256203,0.4174876847290621,0.3620689655172409,1
0.5937500000000007,0.6796875000000002,0.7929687499999998,0.0,0.030273437500000194,0.012695312499999546,0.1582031250000003,0.3310546874999984,0.2871093749999995,1.0,1
0.5878378378378384,0.685810810810811,0.0,0.026182432432432616,0.010979729729729342,0.13682432432432468,0.2863175675675663,0.24831081081081055,0.8648648648648654,1.0,1
0.3830188679245287,0.0,0.014622641509434077,0.006132075471697902,0.0764150943396229,0.15990566037735793,0.13867924528301884,0.48301886792452897,0.5584905660377363,1.0,0
0.0,0.014622641509434077,0.006132075471697902,0.0764150943396229,0.15990566037735793,0.13867924528301884,0.48301886792452897,0.5584905660377363,1.0,0.9400943396226423,0
0.008542952064547076,0.0,0.07071665875652632,0.15472235405790186,0.1333649738965355,0.4798291409587099,0.5557664926435696,1.0,0.9397247271001432,0.7047935453251067,0
0.0,0.07071665875652632,0.15472235405790186,0.1333649738965355,0.4798291409587099,0.5557664926435696,1.0,0.9397247271001432,0.7047935453251067,0.6022781205505459,0
0.0,0.0903983656792637,0.06741573033707836,0.44024514811031723,0.5219611848825335,1.0,0.935137895812054,0.682328907048008,0.5720122574055158,0.6976506639427992,0
0.024644030668126444,0.0,0.3997809419496175,0.48740416210295784,1.0,0.9304490690032868,0.6593647316538882,0.5410733844468785,0.6757940854326402,0.6106243154435932,0
0.0,0.3997809419496175,0.48740416210295784,1.0,0.9304490690032868,0.6593647316538882,0.5410733844468785,0.6757940854326402,0.6106243154435932,0.5602409638554214,0
0.05679862306368313,0.1944922547332182,1.0,0.8907056798623078,0.46471600688468057,0.2788296041308079,0.4905335628227195,0.3881239242685026,0.30895008605851826,0.0,0
0.7473684210526319,1.0,0.9657219973009451,0.8321187584345479,0.7738191632928475,0.840215924426451,0.8080971659919032,0.7832658569500673,0.6863697705802974,0.0,0
1.0,0.9662592986184915,0.834750265674814,0.777364505844846,0.8427205100956432,0.8111052072263553,0.7866631243358129,0.6912858660998943,0.015674814027630275,0.0,0
1.0,0.8821428571428568,0.8307142857142854,0.8892857142857141,0.8609523809523809,0.8390476190476186,0.7535714285714287,0.14809523809523806,0.13404761904761894,0.0,0
0.9922138593303916,0.9361536465092134,1.0,0.9691149753438879,0.9452374772904227,0.8520633272774465,0.19205813651699988,0.17674539320010388,0.030625486633792026,0.0,0
0.9361536465092134,1.0,0.9691149753438879,0.9452374772904227,0.8520633272774465,0.19205813651699988,0.17674539320010388,0.030625486633792026,0.0,0.07967817285232269,0
1.0,0.9812154696132597,0.9666929755327544,0.9100236779794793,0.508602999210734,0.49928966061562746,0.4104183109707972,0.39179163378058396,0.4402525651144434,0.0,0
1.0,0.9886419753086417,0.9443209876543212,0.6303703703703704,0.6230864197530864,0.5535802469135803,0.5390123456790124,0.5769135802469134,0.23259259259259263,0.0,0
1.0,0.9551698301698305,0.6376123876123878,0.6302447552447553,0.5599400599400601,0.5452047952047953,0.5835414585414586,0.23526473526473535,0.0,0.07942057942057926,0
1.0,0.6826010983524713,0.6752371442835746,0.6049675486769845,0.5902396405391912,0.6285571642536194,0.28045431852221675,0.04530703944083885,0.12468796804792802,0.0,0
1.0,0.9898450946643718,0.8929432013769364,0.8726333907056798,0.9254733218588638,0.44543889845094675,0.12117039586919114,0.23063683304647142,0.05869191049913935,0.0,0
1.0,0.9163695781342841,0.8988413547237076,0.9444444444444443,0.5301544860368391,0.25029708853238275,0.34477124183006524,0.19637551990493163,0.14572192513368987,0.0,1
0.9702736709657127,0.9517143755898082,1.0,0.5613400440390062,0.2650204466813465,0.3650519031141868,0.20792702107581,0.15429380308273047,0.0,0.04655552060396364,1
0.9553324603521025,1.0,0.5942092245016733,0.3200931179979631,0.41262912847373767,0.267277753528299,0.21766332023861482,0.07493088898588669,0.11799796304379456,0.0,1
1.0,0.5942092245016733,0.3200931179979631,0.41262912847373767,0.267277753528299,0.21766332023861482,0.07493088898588669,0.11799796304379456,0.0,0.02429797759348177,1
1.0,0.5386875612144956,0.6944172380019584,0.44980411361410355,0.3663075416258568,0.1261018609206658,0.19857982370225266,0.0,0.040891283055827655,0.34524975514201744,0
0.7757404795486605,1.0,0.6477433004231312,0.5275035260930889,0.1815937940761634,0.2859661495063471,0.0,0.058885754583921104,0.497179125528914,0.3244005641748945,0
1.0,0.6477433004231312,0.5275035260930889,0.1815937940761634,0.2859661495063471,0.0,0.058885754583921104,0.497179125528914,0.3244005641748945,0.1703102961918195,0
1.0,0.81437125748503,0.2803483941208489,0.4414806750136093,0.0,0.09090909090909105,0.7675557974959174,0.5008165487207408,0.2629286880783887,0.5606967882416986,0
1.0,0.3442513368983953,0.5421122994652409,0.0,0.1116310160427809,0.9425133689839572,0.614973262032086,0.32286096256684493,0.6885026737967915,0.5381016042780749,0
0.36524822695035414,0.5751773049645392,0.0,0.11843971631205691,1.0,0.6524822695035466,0.3425531914893617,0.7304964539007093,0.5709219858156028,0.041843971631205935,0
0.5751773049645392,0.0,0.11843971631205691,1.0,0.6524822695035466,0.3425531914893617,0.7304964539007093,0.5709219858156028,0.041843971631205935,0.13262411347517666,0
0.29358717434869747,0.37725450901803625,1.0,0.7545090180360725,0.5355711422845691,0.8096192384769539,0.6968937875751503,0.3231462925851706,0.387274549098196,0.0,0
0.5948500651890484,1.0,0.8402868318122558,0.6978487614080835,0.8761408083441983,0.8028031290743156,0.5596479791395047,0.6013689700130376,0.34941329856584097,0.0,0
1.0,0.8402868318122558,0.6978487614080835,0.8761408083441983,0.8028031290743156,0.5596479791395047,0.6013689700130376,0.34941329856584097,0.0,0.049869621903520255,0
0.9590773809523812,0.7965029761904762,1.0,0.9162946428571428,0.6387648809523812,0.6863839285714283,0.39880952380952384,0.0,0.05691964285714291,0.014880952380952066,0
0.7965029761904762,1.0,0.9162946428571428,0.6387648809523812,0.6863839285714283,0.39880952380952384,0.0,0.05691964285714291,0.014880952380952066,0.12574404761904748,0
1.0,0.9165120593692022,0.6397031539888686,0.6871985157699442,0.40037105751391483,0.0025974025974028715,0.0593692022263454,0.017439703153988823,0.12801484230055668,0.0,0
1.0,0.7281341107871722,0.7747813411078714,0.49307580174927124,0.10240524781341118,0.1581632653061226,0.11698250728862952,0.22558309037900867,0.09985422740524763,0.0,0
0.9397930385700852,1.0,0.6364063969896523,0.13217309501411117,0.20413922859830694,0.15098777046095932,0.2911571025399812,0.12888052681091233,0.0,0.07714016933207908,0
1.0,0.6734262779890159,0.22053231939163506,0.2851711026615971,0.23743134769750712,0.36332910857625683,0.21757498943810707,0.1018166455428812,0.17110266159695814,0.0,1
1.0,0.4100165107319759,0.4942212438084757,0.4320308200330211,0.5960374243258116,0.4061640066042925,0.2553659878921299,0.3456246560264172,0.12272977435332987,0.0,1
0.6879039704524472,0.8291782086795942,0.7248384118190209,1.0,0.6814404432132961,0.42843951985226236,0.5798707294552172,0.20590951061865229,0.0,0.01200369344413624,1
0.8291782086795942,0.7248384118190209,1.0,0.6814404432132961,0.42843951985226236,0.5798707294552172,0.20590951061865229,0.0,0.01200369344413624,0.08771929824561431,1
0.7248384118190209,1.0,0.6814404432132961,0.42843951985226236,0.5798707294552172,0.20590951061865229,0.0,0.01200369344413624,0.08771929824561431,0.9990766389658352,1
0.6446428571428572,0.4392857142857141,0.27619047619047626,0.3738095238095239,0.1327380952380955,0.0,0.007738095238094969,0.05654761904761923,0.6440476190476188,1.0,1
0.4351415094339622,0.2735849056603775,0.37028301886792475,0.13148584905660407,0.0,0.007665094339622376,0.056014150943396415,0.6379716981132074,0.9905660377358493,1.0,1
0.1454089627076152,0.19680350987151368,0.06988404888749622,0.0,0.004073958006894248,0.029771231588843716,0.3390786587276714,0.5264807270448135,0.531494829207145,1.0,1
0.19680350987151368,0.06988404888749622,0.0,0.004073958006894248,0.029771231588843716,0.3390786587276714,0.5264807270448135,0.531494829207145,1.0,0.7894077091820746,1
0.06872110939907562,0.0,0.004006163328197086,0.02927580893682597,0.33343605546995353,0.5177195685670261,0.5226502311248071,0.9833590138674883,0.7762711864406778,1.0,1
0.0,0.002798105897546178,0.02044769694360746,0.23288850624192836,0.36160137752905713,0.36504520017219094,0.6868273783900127,0.5421868273783899,0.6984502798105897,1.0,0
0.0,0.014695340501792244,0.19157706093189955,0.29874551971326163,0.30161290322580636,0.5695340501792113,0.4491039426523297,0.5792114695340502,0.8302867383512545,1.0,0
0.0,0.1795198253910511,0.28828664969079654,0.29119679883594013,0.5631138595853036,0.4408875954892687,0.5729356129501637,0.827755547471808,1.0,0.8108403055656601,1
0.0,0.13256484149855913,0.13611172688982484,0.4675238306362225,0.3185546442030592,0.4794945688317447,0.7900687209044559,1.0,0.7694524495677233,0.8144535579694081,1
0.0,0.0040889343214923725,0.38614873498594415,0.2144134934832609,0.3999488883209814,0.757986199846665,1.0,0.73421926910299,0.7860976233069256,0.3953488372093022,1
0.0,0.3836284321272773,0.21118809340518352,0.3974852450603029,0.7569925583782398,1.0,0.7331280472158069,0.7852193995381062,0.3928663074159609,0.9335386194508596,1
0.21860767729342864,0.0,0.2361743656473651,0.6919323357189331,1.0,0.6616785946649316,0.7277163305139882,0.23031880286271947,0.9157449577098242,0.9277813923227066,1
0.0,0.2361743656473651,0.6919323357189331,1.0,0.6616785946649316,0.7277163305139882,0.23031880286271947,0.9157449577098242,0.9277813923227066,0.9876382563435265,1
0.007607776838546354,0.5997464074387153,1.0,0.5604395604395604,0.6462383770076078,0.0,0.8905325443786981,0.9061707523245985,0.9839391377852919,0.7096365173288249,1
0.585396039603961,0.9760726072607268,0.5470297029702974,0.6307755775577562,0.0,0.8692244224422447,0.8844884488448852,0.9603960396039612,0.6926567656765681,1.0,1
0.6150246945671953,0.3446841694827138,0.39745256043670396,0.0,0.5476995061086561,0.5573173901741618,0.6051468676891086,0.43644398232388876,0.6301013776969063,1.0,1
0.3446841694827138,0.39745256043670396,0.0,0.5476995061086561,0.5573173901741618,0.6051468676891086,0.43644398232388876,0.6301013776969063,1.0,0.8463737977644912,1
0.39745256043670396,0.0,0.5476995061086561,0.5573173901741618,0.6051468676891086,0.43644398232388876,0.6301013776969063,1.0,0.8463737977644912,0.9877826878086822,0
0.0,0.5394265232974914,0.5488991295442913,0.5960061443932417,0.4298515104966721,0.620583717357911,0.9848950332821307,0.833589349718382,0.9728622631848445,1.0,0
0.1755537325676785,0.1907301066447911,0.26620180475799876,0.0,0.3055783429040193,0.8892534864643155,0.6468416735028706,0.8699753896636592,0.9134536505332234,1.0,0
0.1907301066447911,0.26620180475799876,0.0,0.3055783429040193,0.8892534864643155,0.6468416735028706,0.8699753896636592,0.9134536505332234,1.0,0.7518457752255943,0
0.26620180475799876,0.0,0.3055783429040193,0.8892534864643155,0.6468416735028706,0.8699753896636592,0.9134536505332234,1.0,0.7518457752255943,0.6968826907301071,0
0.0,0.3055783429040193,0.8892534864643155,0.6468416735028706,0.8699753896636592,0.9134536505332234,1.0,0.7518457752255943,0.6968826907301071,0.7149302707137002,0
0.4186126373626372,0.9072802197802202,0.7043269230769227,0.8911401098901104,0.9275412087912084,1.0,0.7922390109890106,0.7462225274725279,0.761332417582418,0.0,1
0.9105960264900667,0.7149006622516552,0.8950331125827818,0.9301324503311253,1.0,0.799668874172185,0.7552980132450335,0.7698675496688746,0.03576158940397345,0.0,0
0.729074889867841,0.9002517306482068,0.9336060415355565,1.0,0.8096286972938952,0.7674638137193208,0.7813089993706738,0.08370044052863425,0.049716803020767725,0.0,0
0.9223990208078339,0.9483476132190939,1.0,0.8518971848225211,0.8190942472460223,0.8298653610771116,0.2871481028151773,0.26070991432068524,0.2220318237454099,0.0,1
0.9483476132190939,1.0,0.8518971848225211,0.8190942472460223,0.8298653610771116,0.2871481028151773,0.26070991432068524,0.2220318237454099,0.0,0.2979192166462666,0
1.0,0.8518971848225211,0.8190942472460223,0.8298653610771116,0.2871481028151773,0.26070991432068524,0.2220318237454099,0.0,0.2979192166462666,0.1255813953488371,1
1.0,0.9614942528735639,0.9741379310344834,0.33706896551724125,0.3060344827586206,0.26063218390804593,0.0,0.34971264367816074,0.1474137931034482,0.19109195402298834,0
0.9870206489675517,1.0,0.3460176991150439,0.31415929203539794,0.2675516224188788,0.0,0.35899705014749217,0.15132743362831844,0.1961651917404127,0.20176991150442442,0
1.0,0.3460176991150439,0.31415929203539794,0.2675516224188788,0.0,0.35899705014749217,0.15132743362831844,0.1961651917404127,0.20176991150442442,0.12123893805309731,0
0.9638455217748564,0.875102711585867,0.7452752670501235,0.0,1.0,0.4215283483976993,0.5464256368118322,0.5620377978635988,0.3377156943303208,0.6261298274445356,0
0.875102711585867,0.7452752670501235,0.0,1.0,0.4215283483976993,0.5464256368118322,0.5620377978635988,0.3377156943303208,0.6261298274445356,0.21117502054231682,0
0.7452752670501235,0.0,1.0,0.4215283483976993,0.5464256368118322,0.5620377978635988,0.3377156943303208,0.6261298274445356,0.21117502054231682,0.021364009860311516,0
0.0,1.0,0.4215283483976993,0.5464256368118322,0.5620377978635988,0.3377156943303208,0.6261298274445356,0.21117502054231682,0.021364009860311516,0.15201314708299066,0
1.0,0.40890008396305677,0.536523929471033,0.5524769101595298,0.32325776658270444,0.6179680940386232,0.1939546599496224,0.0,0.13350125944584415,0.02434928631402236,0
0.6616847826086963,0.8682065217391306,0.8940217391304346,0.5230978260869578,1.0,0.3138586956521742,0.0,0.21603260869565266,0.03940217391304433,0.02717391304347865,0
0.8808353808353809,0.904176904176904,0.5687960687960699,1.0,0.37960687960688,0.09582309582309595,0.2911547911547917,0.13144963144963234,0.12039312039312088,0.0,0
0.904176904176904,0.5687960687960699,1.0,0.37960687960688,0.09582309582309595,0.2911547911547917,0.13144963144963234,0.12039312039312088,0.0,0.013513513513513443,0
0.6840684068406848,1.0,0.5454545454545456,0.33753375337533753,0.480648064806481,0.3636363636363642,0.3555355535553558,0.26732673267326723,0.2772277227722771,0.0,0
1.0,0.7183491355270497,0.5895147796988286,0.6781929726715004,0.6056887897378697,0.6006692693809258,0.54601226993865,0.5521472392638034,0.380368098159509,0.0,1
1.0,0.8334534967555874,0.9480894015861573,0.8543619322278302,0.8478731074260996,0.777217015140591,0.7851478010093725,0.5630857966834896,0.07137707281903452,0.0,1
0.8790874524714827,1.0,0.9011406844106467,0.8942965779467681,0.8197718631178704,0.8281368821292773,0.5939163498098858,0.07528517110266225,0.0,0.25171102661596967,0
1.0,0.9011406844106467,0.8942965779467681,0.8197718631178704,0.8281368821292773,0.5939163498098858,0.07528517110266225,0.0,0.25171102661596967,0.11102661596958231,1
1.0,0.992405063291139,0.9097046413502105,0.9189873417721512,0.6590717299578056,0.08354430379746906,0.0,0.27932489451476794,0.1232067510548529,0.16962025316455728,0
1.0,0.9166666666666664,0.9260204081632649,0.6641156462585033,0.08418367346938849,0.0,0.28146258503401367,0.1241496598639462,0.17091836734693913,0.4107142857142866,0
0.98989898989899,1.0,0.7171717171717173,0.09090909090909174,0.0,0.30394857667584957,0.13406795224977117,0.18457300275482139,0.4435261707988992,0.1735537190082645,0
1.0,0.7171717171717173,0.09090909090909174,0.0,0.30394857667584957,0.13406795224977117,0.18457300275482139,0.4435261707988992,0.1735537190082645,0.20385674931129466,1
1.0,0.12676056338028283,0.0,0.4238156209987198,0.1869398207426386,0.25736235595390583,0.6184379001280423,0.2419974391805378,0.28425096030729813,0.23559539052496836,1
0.3030852994555354,0.12341197822141416,0.7241379310344812,0.38838475499092534,0.48820326678765796,1.0,0.4664246823956426,0.5263157894736822,0.45735027223230373,0.0,1
0.17996604414261255,0.7419354838709661,0.42784380305602643,0.5212224108658732,1.0,0.500848896434633,0.556876061120541,0.4923599320882837,0.06451612903225729,0.0,1
0.29667345553292557,0.17107942973523407,0.2084181941615747,0.39986422267481364,0.20027155465037275,0.22267481330617714,0.1968771215207056,0.025797691785471536,0.0,1.0,1
0.16924110141034224,0.20617864338482156,0.3955674949630625,0.1981195433176621,0.2202820685023497,0.19476158495634596,0.02552048354600372,0.0,0.9892545332437871,1.0,1
0.1514553527380362,0.2905772076961027,0.1455352738036502,0.16181549087321104,0.14306857424765623,0.018746916625554787,0.0,0.7266896891958556,0.7345831277750372,1.0,0
0.2905772076961027,0.1455352738036502,0.16181549087321104,0.14306857424765623,0.018746916625554787,0.0,0.7266896891958556,0.7345831277750372,1.0,0.8268376911692153,1
0.1455352738036502,0.16181549087321104,0.14306857424765623,0.018746916625554787,0.0,0.7266896891958556,0.7345831277750372,1.0,0.8268376911692153,0.8894918598914647,1
0.16181549087321104,0.14306857424765623,0.018746916625554787,0.0,0.7266896891958556,0.7345831277750372,1.0,0.8268376911692153,0.8894918598914647,0.8885051800690673,1
0.14306857424765623,0.018746916625554787,0.0,0.7266896891958556,0.7345831277750372,1.0,0.8268376911692153,0.8894918598914647,0.8885051800690673,0.8312777503700048,1
0.018746916625554787,0.0,0.7266896891958556,0.7345831277750372,1.0,0.8268376911692153,0.8894918598914647,0.8885051800690673,0.8312777503700048,0.8663048840651204,1
0.0,0.7266896891958556,0.7345831277750372,1.0,0.8268376911692153,0.8894918598914647,0.8885051800690673,0.8312777503700048,0.8663048840651204,0.9235323137641837,1
0.0,0.011165387299372703,0.38660153524075414,0.1416608513607817,0.23028611304954624,0.22889043963712502,0.14794138171667864,0.1974877878576412,0.2784368457780886,1.0,1
0.0,0.20172478440194969,0.07011623547056585,0.11773528308961334,0.11698537682789621,0.07349081364829377,0.10011248593925717,0.14360704911886016,0.5313085864266964,1.0,1
0.14153225806451636,0.0,0.051209677419354685,0.05040322580645162,0.003629032258064654,0.03225806451612892,0.07903225806451646,0.4959677419354838,1.0,0.969758064516129,1
0.0,0.04495575221238922,0.04424778761061945,0.003185840707964721,0.028318584070796345,0.06938053097345158,0.43539823008849526,0.8778761061946897,0.8513274336283181,1.0,0
0.04190340909090881,0.041193181818181684,0.0,0.02521306818181795,0.06640625000000014,0.4335937499999996,0.8774857954545449,0.8508522727272722,1.0,0.8785511363636358,0
0.041193181818181684,0.0,0.02521306818181795,0.06640625000000014,0.4335937499999996,0.8774857954545449,0.8508522727272722,1.0,0.8785511363636358,0.9836647727272725,0
0.0,0.018978882651697233,0.049986634589682014,0.32638331996792275,0.6605185779203417,0.6404704624431966,0.7527399091152099,0.6613205025394276,0.7404437316225607,1.0,0
0.0,0.031607629427793195,0.31335149863760203,0.6539509536784738,0.6335149863760215,0.7479564032697549,0.6547683923705719,0.7354223433242506,1.0,0.37465940054495894,1
0.0,0.2909397861564431,0.6426561620709056,0.6215531795160378,0.7397298818232977,0.6435002813731003,0.7267867191896453,1.0,0.3542487338210463,0.4659538548114796,0
0.0,0.4960317460317457,0.46626984126984095,0.6329365079365081,0.49722222222222195,0.6146825396825396,1.0,0.08928571428571423,0.24682539682539661,0.1781746031746034,0
0.4466230936819169,0.4139433551198254,0.5969498910675384,0.4479302832244006,0.5769063180827887,1.0,0.0,0.1729847494553375,0.09760348583878029,0.012200435729847536,0
0.4139433551198254,0.5969498910675384,0.4479302832244006,0.5769063180827887,1.0,0.0,0.1729847494553375,0.09760348583878029,0.012200435729847536,0.039215686274510025,0
0.5969498910675384,0.4479302832244006,0.5769063180827887,1.0,0.0,0.1729847494553375,0.09760348583878029,0.012200435729847536,0.039215686274510025,0.02570806100217878,1
0.48474989833265497,0.6051240341602274,1.0,0.06669377795851916,0.22814152094347231,0.15778771858479035,0.07808052053680306,0.10329402196014606,0.09068727124847456,0.0,1
0.6342749529190206,1.0,0.13559322033898277,0.28512241054613896,0.21996233521657255,0.1461393596986815,0.16949152542372875,0.1578154425612051,0.07382297551789103,0.0,1
1.0,0.2603931679020301,0.3883338704479533,0.33258137286496947,0.26941669352239755,0.2893973573960683,0.2794070254592329,0.20754108926845016,0.14437640992587825,0.0,1
0.670539419087137,1.0,0.8564315352697104,0.6937759336099586,0.7452282157676353,0.719502074688797,0.5344398340248974,0.37178423236514563,0.0,0.8340248962655601,1
1.0,0.8564315352697104,0.6937759336099586,0.7452282157676353,0.719502074688797,0.5344398340248974,0.37178423236514563,0.0,0.8340248962655601,0.9145228215767633,0
0.9364791288566253,0.7586206896551726,0.8148820326678773,0.7867513611615249,0.5843920145190575,0.40653357531760487,0.0,0.911978221415608,1.0,0.9310344827586214,0
0.7586206896551726,0.8148820326678773,0.7867513611615249,0.5843920145190575,0.40653357531760487,0.0,0.911978221415608,1.0,0.9310344827586214,0.6678765880217787,0
0.8148820326678773,0.7867513611615249,0.5843920145190575,0.40653357531760487,0.0,0.911978221415608,1.0,0.9310344827586214,0.6678765880217787,0.9255898366606177,0
0.7867513611615249,0.5843920145190575,0.40653357531760487,0.0,0.911978221415608,1.0,0.9310344827586214,0.6678765880217787,0.9255898366606177,0.8157894736842104,0
0.5843920145190575,0.40653357531760487,0.0,0.911978221415608,1.0,0.9310344827586214,0.6678765880217787,0.9255898366606177,0.8157894736842104,0.5499092558983683,1
0.40653357531760487,0.0,0.911978221415608,1.0,0.9310344827586214,0.6678765880217787,0.9255898366606177,0.8157894736842104,0.5499092558983683,0.6052631578947372,1
0.0,0.911978221415608,1.0,0.9310344827586214,0.6678765880217787,0.9255898366606177,0.8157894736842104,0.5499092558983683,0.6052631578947372,0.49818511796733184,1
0.824593128390597,1.0,0.8625678119349022,0.338155515370706,0.851717902350815,0.6329113924050631,0.10307414104882848,0.21338155515370824,0.0,0.08137432188065406,1
1.0,0.8625678119349022,0.338155515370706,0.851717902350815,0.6329113924050631,0.10307414104882848,0.21338155515370824,0.0,0.08137432188065406,0.8010849909584098,1
0.5218818380743985,0.2045951859956238,0.5153172866520788,0.38293216630196875,0.062363238512037275,0.12910284463895022,0.0,0.04923413566739785,0.4846827133479212,1.0,0
0.2045951859956238,0.5153172866520788,0.38293216630196875,0.062363238512037275,0.12910284463895022,0.0,0.04923413566739785,0.4846827133479212,1.0,0.7374179431072209,0
0.5153172866520788,0.38293216630196875,0.062363238512037275,0.12910284463895022,0.0,0.04923413566739785,0.4846827133479212,1.0,0.7374179431072209,0.668490153172867,0
0.38293216630196875,0.062363238512037275,0.12910284463895022,0.0,0.04923413566739785,0.4846827133479212,1.0,0.7374179431072209,0.668490153172867,0.7943107221006573,0
0.062363238512037275,0.12910284463895022,0.0,0.04923413566739785,0.4846827133479212,1.0,0.7374179431072209,0.668490153172867,0.7943107221006573,0.8129102844638944,0
0.12910284463895022,0.0,0.04923413566739785,0.4846827133479212,1.0,0.7374179431072209,0.668490153172867,0.7943107221006573,0.8129102844638944,0.36980306345732933,0
0.0,0.04923413566739785,0.4846827133479212,1.0,0.7374179431072209,0.668490153172867,0.7943107221006573,0.8129102844638944,0.36980306345732933,0.42888402625820676,0
0.0,0.45799769850402655,1.0,0.7238204833141535,0.6513233601841194,0.7836593785960879,0.8032220943613338,0.3371691599539677,0.3993095512082854,0.5212888377445342,1
0.18229166666666802,1.0,0.5833333333333337,0.4739583333333349,0.673611111111113,0.7031249999999997,0.0,0.09375000000000323,0.2777777777777808,0.060763888888892635,1
1.0,0.6743554952510171,0.5888738127544099,0.744911804613298,0.7679782903663491,0.2184531886024402,0.291723202170964,0.4355495251017647,0.2659430122116698,0.0,1
0.8780918727915198,0.7667844522968209,0.9699646643109563,1.0,0.28445229681978557,0.3798586572438175,0.5671378091872809,0.3462897526501783,0.0,0.0759717314487645,1
0.7281879194630868,0.9211409395973157,0.9496644295301995,0.2701342281879166,0.3607382550335575,0.5385906040268462,0.3288590604026855,0.0,0.07214765100671246,1.0,1
0.9211409395973157,0.9496644295301995,0.2701342281879166,0.3607382550335575,0.5385906040268462,0.3288590604026855,0.0,0.07214765100671246,1.0,0.7365771812080504,1
0.7576974564926369,0.21552878179384008,0.28781793842034886,0.42971887550200916,0.26238286479250444,0.0,0.057563587684070536,0.7978580990629195,0.5876840696117788,1.0,1
0.21552878179384008,0.28781793842034886,0.42971887550200916,0.26238286479250444,0.0,0.057563587684070536,0.7978580990629195,0.5876840696117788,1.0,0.9451137884872829,1
0.28781793842034886,0.42971887550200916,0.26238286479250444,0.0,0.057563587684070536,0.7978580990629195,0.5876840696117788,1.0,0.9451137884872829,0.8674698795180711,1
0.42971887550200916,0.26238286479250444,0.0,0.057563587684070536,0.7978580990629195,0.5876840696117788,1.0,0.9451137884872829,0.8674698795180711,0.9103078982597071,1
0.0677497407535433,0.0,0.014863463532665286,0.20601451780159027,0.1517455928102311,0.2582094711372277,0.244037331489803,0.22398893881783574,0.23505012098168027,1.0,1
0.0,0.014863463532665286,0.20601451780159027,0.1517455928102311,0.2582094711372277,0.244037331489803,0.22398893881783574,0.23505012098168027,1.0,0.9135845143449707,1
0.0,0.19403508771929828,0.1389473684210519,0.24701754385964883,0.23263157894736827,0.21228070175438538,0.2235087719298247,1.0,0.9122807017543859,0.7926315789473686,1
0.06017631276351174,0.0,0.11805289382905373,0.10233806055960197,0.08010732081257199,0.09237255653507186,0.940590264469146,0.8447681103871222,0.7140666922192419,1.0,1
0.0,0.11609498680738833,0.10064078401809332,0.07877874104787046,0.09084055785902846,0.924990576705617,0.8307576328684515,0.7022238974745579,0.9834150018846589,1.0,1
0.029981829194427885,0.017565112053301402,0.0,0.009691096305270186,0.679890975166566,0.6041792852816478,0.5009085402786195,0.7268322228952148,0.7401574803149603,1.0,0
0.014967741935484193,0.0,0.00825806451612959,0.5793548387096779,0.5148387096774198,0.4268387096774199,0.6193548387096774,0.6307096774193548,0.8521290322580648,1.0,0
0.0,0.00825806451612959,0.5793548387096779,0.5148387096774198,0.4268387096774199,0.6193548387096774,0.6307096774193548,0.8521290322580648,1.0,0.8929032258064522,0
0.0,0.5758521988030186,0.5107988550611503,0.42206609419724195,0.6161852719229767,0.6276346604215454,0.850897736143638,1.0,0.8920114493884991,0.9240176945094981,0
0.26609635299414686,0.1535344439441693,0.0,0.3358847366051322,0.3556956325979282,0.7420081044574518,1.0,0.8131472309770382,0.8685276902296267,0.3354344889689327,0
0.1535344439441693,0.0,0.3358847366051322,0.3556956325979282,0.7420081044574518,1.0,0.8131472309770382,0.8685276902296267,0.3354344889689327,0.3012156686177399,1
0.0,0.3358847366051322,0.3556956325979282,0.7420081044574518,1.0,0.8131472309770382,0.8685276902296267,0.3354344889689327,0.3012156686177399,0.29085997298514116,1
0.06349206349206349,0.09142857142857129,0.6361904761904769,1.0,0.736507936507938,0.8146031746031754,0.06285714285714343,0.014603174603175758,0.0,0.21142857142857222,1
0.23434991974317795,0.6934189406099524,1.0,0.7779561262707342,0.8437667201712152,0.2102728731942219,0.1696094168004289,0.15730337078651674,0.33547351524879676,0.0,1
0.6934189406099524,1.0,0.7779561262707342,0.8437667201712152,0.2102728731942219,0.1696094168004289,0.15730337078651674,0.33547351524879676,0.0,0.32370251471375133,1
1.0,0.7779561262707342,0.8437667201712152,0.2102728731942219,0.1696094168004289,0.15730337078651674,0.33547351524879676,0.0,0.32370251471375133,0.2878544676297483,1
0.9220038046924547,1.0,0.24920735573874472,0.20101458465440797,0.18642993024730475,0.3975903614457835,0.0,0.38363982244768596,0.34115409004438757,0.7761572606214332,0
1.0,0.24920735573874472,0.20101458465440797,0.18642993024730475,0.3975903614457835,0.0,0.38363982244768596,0.34115409004438757,0.7761572606214332,0.7698161065313891,0
0.3210784313725493,0.2589869281045763,0.2401960784313722,0.5122549019607847,0.0,0.49428104575163456,0.43954248366013005,1.0,0.9918300653594776,0.9950980392156861,0
0.2589869281045763,0.2401960784313722,0.5122549019607847,0.0,0.49428104575163456,0.43954248366013005,1.0,0.9918300653594776,0.9950980392156861,0.6928104575163408,0
0.2401960784313722,0.5122549019607847,0.0,0.49428104575163456,0.43954248366013005,1.0,0.9918300653594776,0.9950980392156861,0.6928104575163408,0.8415032679738566,0
0.5122549019607847,0.0,0.49428104575163456,0.43954248366013005,1.0,0.9918300653594776,0.9950980392156861,0.6928104575163408,0.8415032679738566,0.8071895424836592,0
0.0,0.49428104575163456,0.43954248366013005,1.0,0.9918300653594776,0.9950980392156861,0.6928104575163408,0.8415032679738566,0.8071895424836592,0.3480392156862758,0
0.6801033591731266,0.6454780361757098,1.0,0.9948320413436695,0.9968992248062014,0.8056847545219642,0.8997416020671836,0.8780361757105936,0.5875968992248066,0.0,1
0.6454780361757098,1.0,0.9948320413436695,0.9968992248062014,0.8056847545219642,0.8997416020671836,0.8780361757105936,0.5875968992248066,0.0,0.09767441860465048,1
1.0,0.9948320413436695,0.9968992248062014,0.8056847545219642,0.8997416020671836,0.8780361757105936,0.5875968992248066,0.0,0.09767441860465048,0.20516795865633075,1
0.9979263867288755,1.0,0.8081907724209441,0.9025401762571282,0.8807672369103156,0.5894245723172633,0.0,0.09797822706065253,0.20580611715914984,0.14722654224987064,1
1.0,0.8081907724209441,0.9025401762571282,0.8807672369103156,0.5894245723172633,0.0,0.09797822706065253,0.20580611715914984,0.14722654224987064,0.03836184551581032,1
0.8954623779437109,1.0,0.9758759333716246,0.6530729465824243,0.0,0.10855829982768447,0.22802986789201607,0.1631246410109135,0.04250430786903968,0.4428489373923022,1
