0,1,2,3,4,5,6,7,8,9,transaction
4.183015191224101,4.482321070227358,6.106274888231184,6.596664434963156,6.53714648138909,6.972755616975518,8.212098806181846,5.9948350889644075,5.072989086474677,4.789982875821663,0
4.391522385663606,5.968610380308617,6.323108868924934,6.220481551264079,6.642311733301258,7.771315768813767,5.540540197351874,4.867519302841613,4.6499441628461025,4.7231140151150415,1
5.851072746740149,6.18093742460594,5.961718901102016,6.320796986917166,7.404759809664475,5.237952528499323,4.4951476982444944,4.460433046741715,4.584860328441707,5.024023888294841,0
6.059579941179656,5.827059017443735,6.058089559188128,7.048083895402046,4.985959015684616,4.2466364779414985,4.117644851344606,4.397804391957115,4.877737583261489,4.957155027588219,0
5.712067950447145,5.92142659268699,6.756776830312434,4.740828875381047,4.039471748475107,3.8886612374622835,4.059567490283085,4.679633338487813,4.812653748857093,4.422204141935243,0
5.804737814642481,6.605591513200585,4.540251694331877,3.837989954503266,3.69768467976056,3.833588123542404,4.32091561505993,4.617004683703213,4.291983073621925,3.8203843955756454,0
6.476594330058668,4.435137282605731,3.6729157715568768,3.5119647886307335,3.645102053804476,4.0814171361818605,4.262838253998409,4.1159754454264155,3.7062285639823593,2.148662877910096,1
4.345187453565938,3.5858291054164404,3.3597111327770155,3.46180707080419,3.881723870606854,4.0263440222619815,3.79821936550624,3.5523175523650172,2.0791327038724576,2.5833104725031393,1
3.5111586758079136,3.279134485875863,3.31152580373396,3.687516801023636,3.82914124465077,3.585759110902948,3.2755231159525495,1.9866011827500227,2.5021776275010326,3.5529089527491577,0
3.2099816171730713,3.2319506982542356,3.52835978442771,3.6373590831970923,3.408480237002099,3.0901010856240347,1.8235890894145217,2.3936874388499216,3.4458932263647757,3.3857368009826025,1
3.163646685075403,3.4442777425515585,3.4801744553846543,3.236097340584745,2.9352366033973434,1.713273237627055,2.2010919363144095,3.301802933226618,3.2831836403537853,3.486040092042536,0
3.3721538795149097,3.3970939549299315,3.0946918230402103,2.784677880145854,1.6206709544952462,2.07124847810627,3.043213671706466,3.1452312962651194,3.3808093919603794,2.8173514849763155,0
3.3258189474172415,3.0196236539569132,2.6610238616527098,1.5307349344822678,1.962458023209792,2.8698086299445187,2.8980202690526626,3.239174278442018,2.7299710479164183,2.750482624269694,0
2.955139490635897,2.5949695653622675,1.4563906355763194,1.8567601003548004,2.7249060995730088,2.7321258451448203,2.985136310644945,2.6128877305960203,2.664887213512023,2.683613763563072,1
2.5381251017568847,1.4153748748215862,1.7695952743561811,2.58404700883968,2.5934495346827986,2.8147355160246392,2.4043627000297327,2.550259075811421,2.5998033791076267,2.750482624269694,0
1.3797517993151838,1.7220694943621637,2.468282545480487,2.4586527142733217,2.672323473616925,2.264004376825847,2.346285338968212,2.487630421026821,2.664887213512023,2.5833104725031393,0
1.6809288579500263,2.406234414875759,2.347819222872848,2.533889291013137,2.146497214056085,2.2089312629059683,2.288207977906691,2.550259075811421,2.5021776275010326,2.2824005993233403,0
2.352785373366213,2.2882749458216907,2.4200972164374313,2.032312112747702,2.093914588100002,2.153858148986089,2.346285338968212,2.3936874388499216,2.20930037268125,2.2824005993233403,1
2.2369480431220428,2.3590506272541316,1.9382439260068753,1.982154394921159,2.041331962143918,2.2089312629059683,2.2010919363144095,2.1118584923192225,2.20930037268125,2.8842203456829374,0
2.3064504412685447,1.8872127510378587,1.8900585969638202,1.9319966770946155,2.093914588100002,2.07124847810627,1.939743811537564,2.1118584923192225,2.7950548823208146,2.6167449028564502,0
1.843101120291864,1.840028963416232,1.8418732679207646,1.982154394921159,1.962458023209792,1.8234194654668134,1.939743811537564,2.6755163853806203,2.5347195447032305,2.0149251564968518,1
1.7967661881941965,1.7928451757946047,1.8900585969638202,1.8567601003548004,1.7258362064074142,1.8234194654668134,2.462440061091254,2.4250017662422216,1.9489650350636656,2.081794017203474,0
1.7504312560965283,1.840028963416232,1.7695952743561811,1.6310503701353547,1.7258362064074142,2.319077490745726,2.23013061684517,1.8613438731808232,2.014048869468062,1.421564321016642,0
1.7967661881941965,1.7220694943621637,1.5527612936624309,1.6310503701353547,2.199079840012169,2.09878503506621,1.7074343672914793,1.923972527965423,1.371443630476257,1.1616249987917908,1
1.6809288579500263,1.5097424500648409,1.5527612936624309,2.0824698305742455,1.988749336187834,1.6031270097872965,1.7655117283530006,1.305608504949677,1.1184432409960485,1.2928852289158546,0
1.4724216635105198,1.5097424500648409,1.986429255049931,1.8818389592680722,1.5155057025830785,1.6582001237071757,1.1920849039120716,1.0621521352055028,1.246199553740158,0.930656610468083,0
1.4724216635105198,1.9343965386594861,1.793687938877709,1.430419498829181,1.5680883285391622,1.1144357334192483,0.966320778257621,1.185089053114933,0.8936404227715442,0.5163906446184185,1
1.8894360523895322,1.7456613881729774,1.3600199774902082,1.4805772166557243,1.048913771161768,0.9003500176785023,1.080323734153334,0.8458296301467556,0.49043305186942965,0.7992258647492176,0
1.7040963239988602,1.3210072995783317,1.4082053065332638,0.9853449896953477,0.8445093292826833,1.0084557866475292,0.7657186692830737,0.4578325880252031,0.7657181462497039,0.6237017922804056,1
1.2870819351198475,1.368191087199959,0.9324474602266545,0.7903668931882257,0.9477263949031783,0.7101247285435434,0.40591780203473804,0.722733009167625,0.5948795893216045,0.8957510651792266,1
1.3334168672175157,0.9023219601178222,0.7451366306375847,0.8888239853958392,0.6628863100990716,0.3689357731871078,0.6515676161166541,0.5583390532235288,0.8596666612124498,1.39447574554439,1
0.8759289151511902,0.7189044224962708,0.8397220222826508,0.6171196279294532,0.3371264257759406,0.601878523134021,0.4991203510662672,0.8131374723491949,1.3450781691590368,1.7808841440236756,0
0.6958111336079255,0.8115238384081441,0.5787020948564184,0.30638253445045127,0.5595351587823888,0.4573171064057299,0.73540228680896,1.280237636896436,1.7211716146482798,1.5468431315504985,1
0.7867642885690431,0.5559292608617891,0.28018434436888046,0.5185346335413822,0.42151102391026407,0.6813765630773667,1.16855776494605,1.6421435814347245,1.4933781942328934,1.8143185743769867,0
0.535767961395975,0.2636162597882838,0.4839938306222928,0.38687564001848823,0.635438179349996,1.0921256149703058,1.5041636035761559,1.422943289688625,1.753713531850478,1.6471464226104315,1
0.248713790064502,0.46318952629148075,0.3575121604171761,0.5909372992239977,1.0276125493869588,1.4103711110677197,1.3008928398608317,1.6734579088270243,1.5910039458394876,2.0149251564968518,1
0.44469665235800865,0.3393368021634713,0.5535493530959437,0.9650260982038154,1.3314665117367852,1.2176152123481423,1.5332022841069164,1.5168862718655247,1.9489650350636656,2.048359586850163,0
0.3230720890948397,0.5312993237232998,0.9129275834313131,1.2548674864362792,1.1474273208904915,1.4379076680276592,1.3880088814531135,1.8613438731808232,1.9815069522658637,2.0149251564968518,1
0.5115811268409926,0.8832078077523013,1.191371325839514,1.079315474043377,1.3577578247148272,1.3002248832279613,1.7074343672914793,1.892658200573123,1.9489650350636656,2.215531738616718,0
0.8571586341584252,1.1558640429026366,1.0227226741888193,1.279946345349551,1.2263012598246172,1.6031270097872965,1.7364730478222399,1.8613438731808232,2.144216538276854,1.9480562957902308,1
1.1249096727780097,0.990720786226941,1.2154639903610418,1.1545520507831923,1.5155057025830785,1.630663566747236,1.7074343672914793,2.0492298375346225,1.8838812006592702,2.0149251564968518,0
0.9627374104361714,1.1794559367134503,1.0950006677534028,1.430419498829181,1.5417970155611205,1.6031270097872965,1.881666450476043,1.798715218396224,1.9489650350636656,1.8477530047302977,0
1.1480771388268438,1.061496467659382,1.3600199774902082,1.4554983577424525,1.5155057025830785,1.7683463515469342,1.6493570062299587,1.8613438731808232,1.7862554490526759,1.6137119922571206,0
1.0322398085826736,1.3210072995783317,1.384112642011736,1.430419498829181,1.6732535804513302,1.548053895867418,1.7074343672914793,1.7047722362193243,1.5584620286372894,1.3522146255778045,1
1.2870819351198475,1.3445991933891452,1.3600199774902082,1.5808926523088114,1.462923076626995,1.6031270097872965,1.5622409646376771,1.485571944473225,1.303945185815458,1.5430148892750442,0
1.3102494011686816,1.3210072995783317,1.5045759646193753,1.3802617810026379,1.5155057025830785,1.465444224987599,1.358970200922353,1.2406563270725688,1.4896521447132416,1.3943888160254714,0
1.2870819351198475,1.4625586624432136,1.3118346484471533,1.430419498829181,1.3840491376928692,1.2726883262680215,1.1318528727551682,1.4193577992022064,1.344993560174311,1.3578951352948325,1
1.4260867314128518,1.273823511956705,1.3600199774902082,1.3050252042628228,1.2000099468465752,1.057319406972942,1.2975679109400595,1.2801562196452163,1.3094740575481119,1.4026036555632797,0
1.2407470030221799,1.3210072995783317,1.2395566548825696,1.1294731918699206,0.9943803297827135,1.2144622765762292,1.1684822643766701,1.2459766312965208,1.352989109230891,1.3706604008037262,0
1.2870819351198475,1.203047830524264,1.070908003231875,0.9333264205374396,1.1444169655545053,1.09205401992221,1.1367865445773448,1.2878501498855042,1.3218985615359107,1.2278218274483113,1
1.171244604875678,1.0379045738485684,0.8824744554761017,1.0764439446978074,1.027544191973216,1.0619978680004358,1.1756170681830778,1.2579324414949007,1.1828729828646805,1.3072754077399191,0
1.0090723425338395,0.8533876539754327,1.0199640641011043,0.9649608931706409,0.9988472238576831,1.0988197519672669,1.147873512803989,1.1241513720095173,1.2602055949039837,1.2464147141677877,0
0.8278749570726988,0.9880195143856028,0.9128649425035571,0.9375873186668048,1.0340039675719206,1.0725113254477405,1.0238144618404739,1.1985667396245785,1.200969543020823,1.2385910574651129,1
0.9600847355735799,0.8831464688283933,0.8865677991783095,0.9711227688056315,1.0088852471526992,0.9548696468034867,1.0928219822537728,1.1415652694723752,1.1933547343955087,1.5802775619038096,0
0.8570983987466984,0.8573959167338902,0.9187845101764963,0.9471624269998916,0.8965634998479086,1.020307520763087,1.0399628720836298,1.1342377168625772,1.5259201114350915,1.4109923541389253,0
0.831811109554396,0.8889429971377101,0.8957663784926285,0.8400205259506124,0.9590421760089273,0.9701827261289093,1.033167820839432,1.454257617080925,1.3611538762569224,1.289020208767012,0
0.8627906451548967,0.8664033017908586,0.7928376971237576,0.899617926272111,0.9111840989949979,0.9637391718002833,1.3299315203915925,1.295706914628232,1.242437708111584,1.1162411030302066,0
0.8406564480918405,0.7656140130523007,0.850091505092716,0.8539668793922829,0.905031931758136,1.245151769308082,1.1829028731282454,1.1814691168683833,1.074270842585785,0.964605931048835,1
0.741680399638012,0.821677789504318,0.8062356278641793,0.8480984264065773,1.1737186338685333,1.1057286741085157,1.0769668626839781,1.0196460672031948,0.9266834854986561,1.0445275933653901,0
0.7967355659564609,0.7787334652004942,0.8005979443661418,1.1043943329566488,1.0406004579981114,1.0052725606629604,0.9269036733051667,0.8776261981808969,1.0044716843787906,0.8668770911261074,1
0.7545638275077687,0.7732129620487639,1.0468153387103472,0.9774150545069714,0.9446871191229168,0.8629718952610804,0.795204545494008,0.9524799663794511,0.8315634615166316,0.982209158629853,0
0.7491426404523415,1.0143126800377547,0.9248293597049476,0.8859248693054652,0.8088215010462892,0.7380853484806661,0.8646186074347385,0.7860944192132048,0.9438168049056131,0.8816584527853059,0
0.9859048764850056,0.8948622032948431,0.8369369102639623,0.7563248500993507,0.6895825092969754,0.8039087342377061,0.7103244823025953,0.8941131915529428,0.8459502431117231,0.843753839093757,0
0.8686033623865491,0.8087966154836143,0.712433247816063,0.6425847012699892,0.7524292638396872,0.657595992486763,0.8104934107934534,0.7999384833533403,0.809057471579591,0.550169449604369,0
0.784086129493798,0.6868807858374725,0.6031657864115778,0.7025332056162744,0.6127330014621591,0.7525833457200741,0.7231624829652442,0.7644374303886897,0.5233101508188106,0.5346792780216796,0
0.6643636151932383,0.5798844698372891,0.6607568916838382,0.5692791966664964,0.7034248855799143,0.669769904318752,0.6902413308475208,0.48946945298964395,0.5082334805790318,0.507901642751713,0
0.5592922064219611,0.6362785328026584,0.5327429280151523,0.6557887204878268,0.6243563909297511,0.6385517096932684,0.4352555809749657,0.4749615251087911,0.4821706590917917,0.3360352969635536,1
0.6146717172650943,0.5109253642282813,0.615850574282162,0.5803665601920536,0.5945499294065449,0.396755956683735,0.421801960285064,0.4498818803002983,0.3148921879056133,0.40598346870571544,1
0.4915737031612196,0.5923056019286824,0.5433942950001195,0.5519346578420773,0.3636885392776566,0.38399826984419466,0.39854488104797803,0.2889137117729203,0.38297313288433166,0.7079064051252193,0
0.5714898772966721,0.5213553404820417,0.5160804412320634,0.3317197056105299,0.3515077739749295,0.3619442413749792,0.24927444764765677,0.3544264161103508,0.6768364077953403,0.5766027102416965,0
0.5018160399014089,0.4946092104687222,0.30452516333498014,0.32010067027601086,0.33045106141081587,0.220395323978106,0.31002627118606085,0.6372041867610362,0.5490377905588683,0.5226261658793114,0
0.4755510836418457,0.287451150105349,0.29336303186215607,0.3000150121723717,0.19530319617848932,0.27800455479399555,0.5722542679829877,0.5142265602259961,0.49650211942763994,0.41924356378383865,0
0.2721198810136392,0.2765210257027988,0.27406721684686464,0.17109964581459003,0.25030725205985077,0.5266679251093379,0.4582135618025849,0.4636727100838674,0.3958792572467235,0.35381572702544417,0
0.26138639399321417,0.2576262779497183,0.1502212841404034,0.2235671265470457,0.48772569564546275,0.41852635861626314,0.4113335159537252,0.366845678354137,0.33219797947374197,0.34743309427099694,1
0.24283157043470316,0.13635450700461219,0.20062554758589163,0.4500367461915631,0.3844744513180965,0.37407134106013684,0.3215430118845605,0.3055666710801452,0.3259857274798422,0.3494725945225489,0
0.123741527957277,0.1857111080462153,0.41818953601464387,0.3515470514673624,0.34202975564634575,0.28892555328430763,0.26471721795391506,0.29958876598095496,0.32797078442917627,0.20767048850808636,0
0.17221018367804258,0.3987529867260054,0.32357282390569997,0.3110597416377767,0.2607343867869423,0.2350392649694017,0.2591737338405927,0.30149893995188526,0.18995400519121397,0.13563266486884268,1
0.38141935233882823,0.3061029013521782,0.28467762630214566,0.2335134019920493,0.20928491642021185,0.2297825362457491,0.2609450933529691,0.16868861461566295,0.11983919038735824,0.13591685752684582,0
0.2904360796718473,0.2680161479840008,0.21018069833512962,0.18443658298466775,0.2042659047727035,0.2314622662203054,0.13778624148590737,0.10121876481621378,0.12011579668357693,-0.08639201333535448,0
0.2530345224826098,0.19506765313158406,0.16303376313295173,0.17964902881812406,0.20586967486436406,0.11467422084180957,0.07521950041433081,0.10148493659904832,-0.09625866498555827,-0.09289835348210881,1
0.1813984007130102,0.1489006761332027,0.15843447347579195,0.18117883921183364,0.09436295826189255,0.055343955215923835,0.07546632919884229,-0.10672715766509308,-0.10259132207310602,-0.08357683429960566,0
0.13606198640204678,0.14439698360471828,0.15990412601160514,0.07481438278886561,0.037715695319403476,0.055578015950083326,-0.11761476151823799,-0.11282092577563466,-0.09351863555713316,-0.17475921275915507,1
0.13163931713332425,0.1458360891271779,0.05772231724290145,0.02077947337433049,0.03793917147971684,-0.12751530493225127,-0.12326568874952401,-0.10409049129866141,-0.18226695215096733,-0.12257809730674268,1
0.13305253256230312,0.045778149096755136,0.005812262264817774,0.020992643675093303,-0.13687439764258208,-0.13287391891665554,-0.11516970461754793,-0.18949092496294137,-0.1314787819734969,0.06918842142770766,0
0.034794675555988266,-0.005052945308023802,0.006017049913250764,-0.14575919712514188,-0.14199068714810906,-0.12519672683622432,-0.19436399416103786,-0.140618654201779,0.055168638331429994,-0.11942523052442536,0
-0.015121946792829405,-0.004852414210631883,-0.15417748575683987,-0.15063954306966454,-0.13466066908983093,-0.20029442497737135,-0.1490433254566799,0.03898780198949612,-0.12841007918132957,-0.13891750342040568,0
-0.014925023331414312,-0.16171727534811298,-0.1588659182727292,-0.14364755720464437,-0.20636233784354668,-0.15731812052999367,0.017510930595550263,-0.13766571312868503,-0.14738201691021102,-0.20367999501476905,1
-0.16896782183671677,-0.1663082578836973,-0.15214888340412722,-0.21204262123291875,-0.16532948567871666,0.0006205555694357888,-0.1463049778826291,-0.15592196599839586,-0.2104157105308686,-0.16544438046272278,1
-0.1734762107298199,-0.15973083788924244,-0.2178543980872376,-0.17290204612697563,-0.014533030961859362,-0.1547214232086713,-0.16323452863206253,-0.21657781815728075,-0.17320077401843512,-0.12354769578698874,0
-0.16701712119540493,-0.22407065069009316,-0.1802529765684892,-0.029059742944014467,-0.16285021486488724,-0.17077523591631608,-0.21948245282014572,-0.18076675335144676,-0.13242249757236071,-0.1521107296378222,1
-0.23019943460378484,-0.18725078201955636,-0.042067089938814486,-0.17053710973145403,-0.1781780503310857,-0.22411354674771908,-0.1862738177651681,-0.14152676969615574,-0.16022305743819837,-0.15185662796713698,1
-0.19404197034136964,-0.051937115878253795,-0.17798103830410908,-0.18515808447789145,-0.22910432356955293,-0.1926227402083323,-0.149885447192072,-0.1682785995873974,-0.1599757388674616,0.0072076744387399565,1
-0.06116265207167732,-0.18502606643319658,-0.1920270617201598,-0.23373583419289876,-0.19903757804786432,-0.15811668068183196,-0.17469319196950064,-0.1680406106992159,-0.005157567778004538,0.30554643992436903,1
-0.19185727829296453,-0.19878014052490092,-0.2386945528983591,-0.20505565113968136,-0.1660919337550799,-0.18164116129270827,-0.1744724979974668,-0.019062698130349234,0.28521721360892854,0.33680763230471467,0
-0.20536391099943477,-0.2444776388364469,-0.21114218175154006,-0.17362933303546055,-0.18855260243222105,-0.18143188345981268,-0.036320975372373505,0.2603581766238817,0.3156439061929836,0.31707128806715523,1
-0.25023929273602624,-0.2174979490744006,-0.18095166383961356,-0.1950542022050685,-0.18835278845358788,-0.050426713722900085,0.22279407487165592,0.289637072735682,0.29643441246852614,0.485413644896076,0
-0.2237449785625798,-0.18793494694006999,-0.20153402714035468,-0.19486360287732757,-0.06327186696055338,0.1952847376863368,0.24994524116791694,0.2711522252760074,0.46028296558159326,0.4210958312254119,0
-0.19471382685678584,-0.208089501822648,-0.201350922889991,-0.07555093159743743,0.1713281478738126,0.22103141844388025,0.23280370805060902,0.42881986369623737,0.39768207945972506,0.39981815974856466,1
-0.21450579310230466,-0.20791020342968577,-0.08673007142882258,0.14823023437157729,0.19591052550828172,0.20477658887042793,0.37901346452298845,0.3685804920916702,0.37697240335224613,0.5736738541427465,1
-0.2143297203603335,-0.09567176862473997,0.12825118336322197,0.17167896745548628,0.1803907634573436,0.34342315316372385,0.32315175478596453,0.34865205413921047,0.5461871186119558,0.8513267375687822,1
-0.1041105006330057,0.11484105903853101,0.15077782469085038,0.15687491703898201,0.31276752430178484,0.29045107853988816,0.3046715384961884,0.5114834251464307,0.8164282158258891,1.294296161876764,0
0.10261511566734503,0.13689947975164168,0.13655592482379256,0.2831469716673051,0.26219092552592566,0.2729268136905825,0.4556697733880903,0.7715301255430459,1.2475728226460905,1.1225702406960885,0
0.12427669642300476,0.12297318483511842,0.25786249068968503,0.23490277077584443,0.24545913394669966,0.41611415622657244,0.6968185919877383,1.1864105177308877,1.0804310275121614,1.1121788197422793,1
0.11060094121437807,0.24175837017256505,0.2115154319496221,0.2189425849634382,0.38217133230122,0.6447887398446949,1.0815491664717318,1.0255738693785574,1.070316999645718,1.134452837243655,1
0.22724913277025735,0.196374644048703,0.19618286024812173,0.34935014342655984,0.6005049117960716,1.0096178293512386,0.9324006955296397,1.0158413764250305,1.0919964248858223,1.3287871202292396,0
0.18268187833211547,0.1813607628275011,0.3214623064936142,0.5576150193859335,0.9488358883108515,0.868184565493597,0.9233754736206793,1.0367029813337807,1.281143064431878,0.8801839944067248,1
0.16793810293863742,0.3040362514543509,0.5215374297461896,0.8898823132419791,0.8137984465930327,0.8596262035904478,0.9427210425902719,1.2187143778687843,0.8445151445631061,1.0533977477381227,0
0.2884066096459695,0.4999527744168717,0.8407387327254592,0.7610722780916331,0.8056271065194572,0.8779710578371595,1.1115054693072643,0.7985575215153398,1.0131050550125331,0.9245782310298515,1
0.4807985147019067,0.8125194163269602,0.7169939892099882,0.7532777687413883,0.8231423792254287,1.0380245415111122,0.7218818771538376,0.9607876574366275,0.887724302224185,1.0914795639105448,1
0.7877419556363037,0.6913467313358596,0.7095059890766975,0.7699853045494097,0.9759580067789996,0.6685555421568186,0.8723225693795487,0.840136685426836,1.0501702987058374,1.1214836217096058,0
0.6687492165162826,0.6840143707394587,0.7255565221809391,0.9157536640969102,0.6231969440274194,0.8112141827991775,0.7604394371625818,0.9964546763364579,1.0793734152030898,1.00499806635867,1
0.661548768068305,0.6997312903962226,0.8655927254458672,0.5792605825139782,0.7594043491727612,0.7051185824882268,0.9053976265040856,1.0245561537383077,0.9659973756706315,1.0165964702482337,1
0.6769829339500381,0.8368568139821956,0.5423318084947201,0.7091866268859648,0.6581065493996638,0.8425783211765493,0.93145693841239,0.9154570371035344,0.9772861667480742,1.075731947214135,1
0.8116415136122809,0.5203149379649847,0.667148675581399,0.6125602913790207,0.7893501546547517,0.8672896273923989,0.8302861754432198,0.9263199772759235,1.034843055703602,1.1605617839065554,1
0.5007943546486553,0.6425374622306668,0.574322048446405,0.7377514471881819,0.8129439789212463,0.7713522629439691,0.8403596937193408,0.9817056281346843,1.1174084080290185,1.1972594146623494,1
0.6208180460078495,0.5516402545669834,0.6945902204714197,0.7602572151769518,0.7213450445057479,0.7809046945533723,0.8917204079740971,1.0611563395944275,1.1531264163501511,1.2295604178266837,0
0.5315561160682973,0.669408629281184,0.7162109776130385,0.6728824707231129,0.7304655009778308,0.8296086028484175,0.9653973482167426,1.0955269453402157,1.184565162559195,1.1169565998397673,0
0.647205789837472,0.690579994787008,0.6322721344200355,0.681582326880127,0.7769669462420936,0.8994743551671761,0.9972702039673054,1.125779717033917,1.0749672396139118,0.9872878486005212,0
0.6679962738696955,0.6083858367501331,0.6406298797425537,0.7259393046400306,0.8436732655299815,0.9296984800864058,1.0253244732280735,1.0203161938093899,0.9487599221286273,0.9248624236878543,0
0.5872808221555575,0.6165698647131045,0.6832425754817799,0.7895693854747835,0.8725306106546803,0.9563015477654039,0.9275251010685247,0.8988698378838332,0.8880009085204034,0.8849851786054606,0
0.5953176161278981,0.6582968472962906,0.7443704839058001,0.8170959410179905,0.897930648122767,0.8635611775800229,0.814904386366076,0.8404028572096701,0.8491881638733421,0.738522312999746,0
0.636293913328471,0.7181542002730869,0.7708145924846289,0.8413246266141027,0.8093841351440192,0.7567661487222891,0.760686265947093,0.8030542589288744,0.706635041377393,0.4934847163833654,1
0.6950744081875725,0.7440486629198358,0.7940905156788773,0.7568615376800946,0.707418536021279,0.7053526432223859,0.7260518316780551,0.6658787163541651,0.46813858439420397,0.532893879440813,1
0.7205030189227727,0.7668407915304633,0.7129488308368236,0.6595981991567529,0.658330025559977,0.6725097917362662,0.598844987745005,0.43637914232873865,0.5064957422004348,0.6967660529314961,0
0.7428851078725516,0.6873856523650237,0.6195102500229822,0.6127734616797832,0.6269723765710665,0.5518831503175544,0.38602340200311414,0.4732893400260425,0.6659934409835678,0.6805503542101402,0
0.6648593989666831,0.5958892105985452,0.5745268360948377,0.5828619066539243,0.5118006509394557,0.3500704780138533,0.4202512947447216,0.6267702528739219,0.6502106111405017,0.5390892793852815,1
0.5750090153894901,0.5518407856643751,0.5457915151200118,0.4730014572984459,0.31911424725468424,0.3825278177025341,0.5625785796301382,0.6115828040886563,0.512525759458002,0.5908892423316665,0
0.5317530395297122,0.5237027339162179,0.4402511889170068,0.289201008208969,0.35010381786190226,0.517492744330286,0.5484948195727193,0.47909188489183563,0.5629429517793677,0.4345130681261957,1
0.504121202773268,0.4203560838885674,0.2636784599051819,0.31876145921004234,0.47896543016117915,0.5041375142047152,0.4256321622470715,0.5276071723207262,0.4107411508329673,0.47792433249693433,0
0.40263380099974544,0.24745345333849553,0.2920764835767067,0.4416804704016609,0.46621414336682876,0.3876303417072109,0.4706217899933791,0.38114693167420033,0.4529935761283008,0.46595146298741386,1
0.23284175907444596,0.27526121857330155,0.4101618601960708,0.4295172238287241,0.3549755981567334,0.43029272940524554,0.3348049772829589,0.42180545436036215,0.4413403155781939,0.5446260210517898,0
0.2601492513062066,0.3908921677082423,0.3984769179031298,0.32340857176667154,0.395708729353614,0.30150149884791205,0.37250880008409804,0.4105917937211797,0.517914700946686,0.4822474043416174,0
0.3736999526513567,0.37945009920999767,0.2965408543125458,0.36226324788100367,0.27274162942401403,0.3372549644046973,0.36211004858603285,0.48427753750800046,0.457201246022545,0.36181658620899143,0
0.36246373161767215,0.2796327964964453,0.333867619455749,0.2449669168577405,0.3068782701947034,0.3273941233573431,0.4304409677429654,0.42585439689218646,0.3399852602602279,0.2081084795457147,1
0.26444218276505554,0.31618371757753905,0.22118381822211133,0.2775293072707322,0.2974633510172667,0.39219039553977686,0.3762635014767253,0.31306018962512244,0.19038030430656275,0.3164460642195485,0
0.3003355379145143,0.20584207103498262,0.2524657338368627,0.26854856789388976,0.35932943958589714,0.34081544121961743,0.271666174204926,0.16909883230450207,0.29582587861684523,0.24624713424973674,1
0.1919789824575127,0.23647378595894275,0.24383815067170378,0.32756163080270934,0.3102777369627642,0.24162876304991518,0.13816664820086033,0.2705666473537716,0.22750086925911023,0.251954391511047,0
0.22205962037531848,0.22802552878529053,0.30053059955731076,0.2807720037282182,0.2155764276158572,0.11503494973798475,0.23226068472468397,0.20481908556089873,0.23305577452552548,0.23581559197950366,0
0.21376335078323117,0.283539614111516,0.25558091535949623,0.19043795392261362,0.09470737446190487,0.20426165525527723,0.17129107108229907,0.21016444124676437,0.2173477910920244,0.04998034118973051,1
0.26827871514274243,0.2395242178286809,0.16879913775295327,0.07514291584062946,0.17989911590465438,0.146445900262188,0.17624797384889992,0.19504901541450112,0.03647330689876722,0.21361513022490525,1
0.2250551737354327,0.15454621632213036,0.058037931148133444,0.15640594237730399,0.12469787517595747,0.15114639053524973,0.16223100275670174,0.020997720902619834,0.19573995806976496,0.22891472555458045,1
0.1416059610275327,0.04608720290567678,0.13610539199724014,0.10375037020299864,0.12918580230130927,0.13785449449068682,0.0008282086306283198,0.17425630202601405,0.21063113938149086,0.2516668554100084,1
0.03509816936122798,0.12253201642085634,0.08552043356784034,0.10803133141949416,0.11649498552680834,-0.01519919640404951,0.14294931888427678,0.18858573824073058,0.23277591403758646,0.28758212049553517,1
0.11016770959926502,0.07299847617567201,0.08963305140166516,0.09592576622205784,-0.02963739026774446,0.11957022066928699,0.15623741909515287,0.20989513803119048,0.2677324414961877,0.3547418607462308,1
0.06152529788313307,0.07702561244917794,0.07800352223712363,-0.04346754738968907,0.09903755370938855,0.13217094913415542,0.1759982411963353,0.2435329885159991,0.33309939058024274,0.4475357787488103,0
0.06547998433766906,0.06563780530669813,-0.0559083257064322,0.07927340390364547,0.11106845852814061,0.15090957614539416,0.20719159182247837,0.3064340779489118,0.4234162275832234,0.4148369058632721,1
0.05429704847589683,-0.06549065887256623,0.06200599299482923,0.09074948974235866,0.12895969700969803,0.18048934563176136,0.265521589404617,0.3933438621935011,0.39159023255947367,0.46696118278408355,0
-0.07447236131673246,0.049972787816317935,0.0730307962798804,0.10781565323283995,0.15720182541071076,0.23580202759719196,0.34611554334969,0.36271845000383174,0.4423230814777,0.45954542613171934,1
0.03891385101947109,0.06076843842414631,0.08942585448677995,0.1347553634774765,0.21001318578970354,0.3122269877838085,0.3177157137906062,0.4115374864084269,0.43510528424225264,0.4706824348824072,0
0.04951528348341759,0.07682272216240486,0.11530619471580518,0.18513126737656532,0.2829820958289613,0.2852962350769875,0.36298701673806155,0.404591968592815,0.44594499686230477,0.45802750299367917,0
0.06528074412964903,0.10216513449398093,0.16370112994019798,0.2547351324044598,0.25726919173643625,0.328225727377533,0.35654623739633906,0.41502277104719,0.43362788120127305,0.409253355994269,0
0.0901672361593066,0.14955417159176218,0.23056791105324637,0.23020800838728,0.29825734866920334,0.3221181190438186,0.3662190218811353,0.4031702981292047,0.38615573238670636,0.16976587481653793,1
0.1367037252115994,0.21503111367429448,0.20700528515119215,0.26930594943307035,0.2924259354506738,0.3312905461671744,0.35522788130024263,0.35748895732931746,0.15306123365908228,0.2230603567997155,0
0.2010027104835335,0.19195824152731872,0.2445657491402537,0.2637434585261068,0.3011835718036595,0.32086795935783746,0.312866254141969,0.1331875616510128,0.2049330496793858,0.08553451442744152,0
0.1783449286877738,0.22873800397837687,0.23922199614937897,0.2720972264301175,0.2912323098414708,0.2806976300646774,0.10486508936818434,0.1831025995143387,0.07107838165158471,-0.008984620181368691,1
0.21446300825790574,0.22350532193113856,0.24724726270149983,0.26260487833144436,0.2528785424691031,0.08345602621632624,0.15115274613421653,0.054297376651591636,-0.02091761827902918,0.08009473260895804,0
0.2093244642882745,0.23136378175952052,0.23812818918010173,0.22601983894876349,0.06455649673868656,0.12734929801046982,0.03170794150703919,-0.0342282268864402,0.06578381172278731,0.0011928204181789566,0
0.21704154722914104,0.22243424995212774,0.20298181017609687,0.046382480438889644,0.10646484962568531,0.014083178267150347,-0.050384408353420965,0.04920253558486465,-0.01101185868268031,-0.008580063574093503,0
0.20827266132965755,0.18801839526091269,0.030408463474845555,0.08635818154664465,-0.0016792080468945687,-0.06376266825859894,0.026983348184684643,-0.024696145628224316,-0.02052386108088246,-0.030539797430148216,1
0.17447596185761838,0.019032019083435887,0.06881217072216075,-0.016798688821315844,-0.0760047498358192,0.009602980449768357,-0.041545033999857636,-0.03384932352499325,-0.04189739229928619,0.00048401049468879725,1
0.0085297192964253,0.0566374978178727,-0.030288186254239468,-0.08769662296913502,-0.00595680466842182,-0.05538054031999351,-0.05003304031899865,-0.05441657375625587,-0.011701747327366875,0.041026600741113965,0
0.04545866017826662,-0.04040303899414694,-0.09839814885659859,-0.020879019166504986,-0.06800167416530341,-0.06342947591938357,-0.06910564569160224,-0.02536000936894104,0.027758581472018724,0.0064721169709667506,0
-0.049836077920402296,-0.10709732279731711,-0.03420806277189188,-0.08006261831593528,-0.0756866249487848,-0.08151548653067195,-0.04216065402710973,0.012611744026962054,-0.005873489956453249,-0.008610154561411605,0
-0.1153305044404561,-0.04424144011716616,-0.09106434177624569,-0.08739316877628435,-0.0929547593127628,-0.0559643153275442,-0.006948350015509237,-0.019751613332980172,-0.02055314880636456,-0.1685203480552273,1
-0.05360542464654743,-0.0999159503213056,-0.09810662761588801,-0.10386496331052125,-0.06855905000043787,-0.02257348635792122,-0.03695982634405055,-0.03387750641964644,-0.17619463040103725,-0.15401983561099641,0
-0.10827832777519118,-0.10681186088220618,-0.1139306896736275,-0.08059429012489662,-0.03667820388326398,-0.05103251797601906,-0.050059175131476445,-0.18364767147153827,-0.16208120091044403,-0.2005070675742399,1
-0.11505017810126512,-0.12230701673714861,-0.09157510626410205,-0.05018366580666313,-0.06385027584607059,-0.06345425882064762,-0.188945376373998,-0.17006664768149787,-0.20732748258838007,-0.18588619118073715,0
-0.13026656980213935,-0.10041609847009482,-0.06236034126529724,-0.07610266649352969,-0.07571028713046513,-0.19515610344864667,-0.1763513006278072,-0.21360608848775156,-0.193096902195859,-0.27198653622658336,1
-0.10876947805542644,-0.07180856803510202,-0.08726011004829645,-0.08741573974930639,-0.2014563788418441,-0.18321349869512094,-0.21672668203777662,-0.19991233311909892,-0.2768988473749592,-0.22394460325191115,0
-0.08067660872461012,-0.09619079028857813,-0.09812831101395747,-0.2073629061597023,-0.19005383640326737,-0.22150032749222087,-0.20402806704167514,-0.2805529890197494,-0.23013936654712114,-0.2972061270420861,1
-0.1046201848860803,-0.106833093586636,-0.21335870688752057,-0.19648620504901643,-0.2266092779679368,-0.2094585911336394,-0.2788084771444896,-0.23555743198975398,-0.3014452155205774,-0.28175273333278555,1
-0.11507102882070916,-0.21966840330499537,-0.202909718284534,-0.23135585048202933,-0.21511208680263919,-0.2803707326168757,-0.23708279708983998,-0.3041733861717615,-0.28640434138972126,-0.2377363057726519,0
-0.22587638543907246,-0.20943659895924555,-0.23640815903526619,-0.2203888654792557,-0.28281747598369267,-0.24080345392113872,-0.3007123538688425,-0.28969990405104024,-0.2435629073930278,-0.2540757118863149,1
-0.2158286554136932,-0.24223876811380077,-0.2258724368400022,-0.2849719429527129,-0.24503948836554443,-0.30114155753175836,-0.28729067572752476,-0.24847459203907768,-0.2594661423297419,-0.17127868855937553,0
-0.24804070020799196,-0.23192203295033206,-0.2879158665158404,-0.24893613058023298,-0.3026490133630299,-0.28841416090487404,-0.24906125280877867,-0.26377790383569455,-0.17887933857021865,-0.17428444384813832,1
-0.23790956730483692,-0.29267587789193916,-0.25329711686485734,-0.30388892623099395,-0.29049716850457874,-0.2521622836671138,-0.2632524559841613,-0.18623110348140307,-0.18180485692669637,-0.15816904841784227,0
-0.2975704258737942,-0.2587766856751813,-0.30608896336442903,-0.29229747764127956,-0.2558846549689867,-0.2656193990534362,-0.19134106751778582,-0.18904626151397097,-0.16611965283523678,-0.1863141518892594,0
-0.2642810939082248,-0.31047124339343607,-0.2949533338225787,-0.25928115988195755,-0.2687332196213557,-0.19742786939784177,-0.1939516448975013,-0.17395275571088226,-0.193513438736047,-0.19458582995866844,1
-0.3150456455144298,-0.29956707007407785,-0.2632353409799875,-0.27153719823287337,-0.20362541216253263,-0.19990340586854044,-0.17995500088167457,-0.20031315650972026,-0.20156430905187073,-0.1500311080698462,0
-0.3043376427066586,-0.2685083418721419,-0.27500942613165813,-0.20943191202004727,-0.2059890011992587,-0.18663078541384942,-0.20439976215246874,-0.20806032110657516,-0.15819895018822164,-0.1992733370942029,0
-0.27383767365336875,-0.28003770037748643,-0.21534635171054667,-0.2116865014363505,-0.19331658834384235,-0.2098110590627265,-0.21158393171577886,-0.16633084842359633,-0.20612668584361912,-0.2109051754141198,0
-0.2851596143114339,-0.22161473454438754,-0.2175122822510321,-0.1995984914401534,-0.21544861560875803,-0.21662360325461552,-0.1728869860404873,-0.21245058980697584,-0.21744801883826387,-0.30862732845077706,1
-0.2277877013881013,-0.22373564579797978,-0.2058996179516556,-0.2207098748733455,-0.22195308643952552,-0.1799283874498,-0.21565515472619168,-0.223344844306757,-0.3125615344368482,-0.2912715156543733,0
-0.22987045658589159,-0.21236435298116751,-0.22618082294587763,-0.22691438456848886,-0.18691728276498681,-0.22048422854039923,-0.2257577116828433,-0.31487036040897104,-0.2956690252171872,-0.3409851701467113,1
-0.21870373795035347,-0.2322240091911104,-0.23214134814850357,-0.19349429718066297,-0.2256391285190472,-0.23006419670676226,-0.3106319671381502,-0.29861509305962813,-0.34405560190513534,-0.3296943630163983,1
-0.23820611087026192,-0.23806064371990562,-0.20003546340711562,-0.23043044058812973,-0.23478587630410802,-0.31054804538927366,-0.2955579880746324,-0.34517636645923877,-0.33306619646595315,-0.32792233820767275,1
-0.2439377419707434,-0.20662208602761536,-0.23551913971442193,-0.23915537560405697,-0.31163012587632893,-0.296253818671369,-0.33873560215582016,-0.3346015180988592,-0.3313414748542366,-0.30577871498467507,1
-0.21306477671406718,-0.24136822723218185,-0.24390097770146146,-0.3124558644357675,-0.2979823053094274,-0.3371979252151031,-0.32892923974058247,-0.3329418587470672,-0.30978896309122106,-0.18037619705851135,1
-0.2471858207107901,-0.24957584708896394,-0.31431901756498287,-0.2994374287738881,-0.33707485857647784,-0.3278988299297316,-0.32739018967245204,-0.3122023797151472,-0.18773399424093665,-0.10619856987665567,0
-0.2552457821491795,-0.31853023431920996,-0.3018125154118578,-0.3367271840920318,-0.3281962821837932,-0.3264393924108547,-0.30815787155692953,-0.1947517319648478,-0.11553649673614015,-0.17038598926894208,0
-0.3229596519167115,-0.3062836822420166,-0.3376358982889174,-0.32825805343702,-0.3268028425959569,-0.3082019307362869,-0.19924249249020567,-0.1252777652122913,-0.1780104693809199,-0.20367330812869855,0
-0.31093342029076176,-0.3413624691493153,-0.3294998054799975,-0.32692887391461656,-0.3093901060105999,-0.20492056654664126,-0.13481727586466036,-0.1853950109400286,-0.21040920214742834,-0.3021009276458109,1
-0.345381125558773,-0.3333954866094036,-0.32822289426035645,-0.3103191456563568,-0.21077927842385777,-0.1438279612753193,-0.19056573474761446,-0.21657155529180244,-0.30620935219897927,-0.2739625110604641,0
-0.3375574722740818,-0.3321451162374304,-0.3122663225477488,-0.21625586953034845,-0.15244937145077395,-0.1966926433270113,-0.21947664508403972,-0.30875780370199424,-0.27882207468160913,-0.29435417013294873,0
-0.33632959657349354,-0.3165202049665287,-0.2219019657268543,-0.16061591314536386,-0.20292343410601885,-0.22410803943632723,-0.3049636166985459,-0.28240366576863435,-0.29866938998322995,-0.30784496278050955,1
-0.3209857838093509,-0.22803408885030987,-0.16844998021939278,-0.20876230648706287,-0.22909906530695748,-0.30517290947069353,-0.28052466316385755,-0.3015022740451983,-0.3118000535743167,-0.26656347162327665,1
-0.234091568899989,-0.1756931132416388,-0.21470307756782184,-0.23373081842111626,-0.3064980615830153,-0.28199814313320815,-0.2982353544195686,-0.31413760514799116,-0.271620548404763,-0.25918783628733616,0
-0.1826922287240459,-0.22098483097963878,-0.23868973436545496,-0.30756047117589697,-0.28437129258069493,-0.2987926892230755,-0.3099524620137304,-0.2754738051167187,-0.264441801469958,-0.29231801332443197,1
-0.2271691300445974,-0.24447292045768487,-0.30961612945038075,-0.2864541035144873,-0.30040636436600293,-0.30990368995641104,-0.2740984031624005,-0.2685658644939772,-0.296687587225616,-0.2798971224481769,1
-0.2502346592428166,-0.31392509664733925,-0.28933974298906273,-0.30174969956569186,-0.31101490915264274,-0.27590430307797376,-0.2676924702373146,-0.2995952315070072,-0.28459826498499935,-0.2797901322710464,0
-0.3184373625439792,-0.2940701588161583,-0.3040338590807427,-0.3118690191371969,-0.27855302501865453,-0.26982973861261095,-0.29646689877524524,-0.2879619588807677,-0.2844941308499524,-0.2809971152068007,0
-0.2989396231172803,-0.3084588548513737,-0.31375524921517906,-0.2809041520369805,-0.2727531613756983,-0.2971157129042151,-0.2856790289580676,-0.2878617530331124,-0.2856688940609516,-0.3050665616181495,0
-0.3130694606604643,-0.3179781840040369,-0.28400803633044885,-0.2753717557607126,-0.29880522340564014,-0.2868858819935975,-0.28558610518036925,-0.28899220025197425,-0.30909582025481414,-0.3414499087286225,1
-0.3224175332111687,-0.28884927271582544,-0.2786931945369997,-0.30022239705787357,-0.28903800063429747,-0.28679776501132576,-0.28663440154752956,-0.31153538454169116,-0.34450793455424605,-0.3059191395921588,0
-0.29381266288067354,-0.28364490094115985,-0.3025666158113816,-0.29090560097159307,-0.28895386843276777,-0.2877918347175794,-0.3075393476616243,-0.34561163560999186,-0.30992563914347004,-0.35807016405725345,1
-0.28870191987030064,-0.3070221085182951,-0.293616190941634,-0.29082534862307063,-0.28990298483127497,-0.3076154020730401,-0.3391392398151979,-0.3123338998901946,-0.3606845215954587,-0.3235758622617424,0
-0.3116585619780903,-0.2982577199675778,-0.2935390944151651,-0.29173069542983965,-0.3088301010441675,-0.3375806833568464,-0.3082798340151585,-0.3611779877567042,-0.3271110256179509,-0.36391115903997684,1
-0.3030518483409484,-0.2981822259073832,-0.2944088396043922,-0.3097849659615041,-0.3374403078268728,-0.3083175842755184,-0.353574367907039,-0.3288709961860683,-0.3663695945306827,-0.3467559528256928,0
-0.30297771244959215,-0.29903389327395347,-0.3117531487934402,-0.3370757802309264,-0.3095005295251075,-0.3512691058216324,-0.3236151612034533,-0.36664860075213895,-0.3496723368142347,-0.4121436682676631,0
-0.30381405797395494,-0.31601769762835835,-0.3379707863257667,-0.31042447686379243,-0.35050971950825743,-0.32285964000606265,-0.3586474253957629,-0.3505812193671497,-0.41331456428657337,-0.5227280466612392,0
-0.3204923167825107,-0.34169039647328575,-0.312367511738739,-0.34954248099671376,-0.32338497190881155,-0.3560797423225338,-0.34374767841542947,-0.4118226494482706,-0.5209469554328434,-0.6867640488606536,1
-0.34570315333685186,-0.316619290920534,-0.3499472498594182,-0.32366862225589127,-0.3551028118855214,-0.34195073494638867,-0.4005386259294379,-0.5153947872983026,-0.6806041096102674,-0.6371908189757994,0
-0.3210830871667559,-0.3534179268866412,-0.32509084787255793,-0.35392375764886236,-0.34161273919648794,-0.39580397939294254,-0.4965840617849285,-0.6690291403504042,-0.6323542089745685,-0.725273825741597,0
-0.3572197007097273,-0.3290781700420247,-0.3541562383513291,-0.34105579514046247,-0.3930306599876445,-0.4868811415379428,-0.6390536362049459,-0.6225993871258412,-0.718085889843759,-0.7893475680706824,0
-0.33331782598714516,-0.35753943073539035,-0.3417942921853331,-0.39010251951714797,-0.4799891776625183,-0.6219809972947985,-0.5959979845819873,-0.7050969826408551,-0.7804492199700516,-0.8006885268465256,0
-0.36126705702845857,-0.3454344300210617,-0.388912316190085,-0.47305084537279424,-0.6089796173953878,-0.5811525442902961,-0.6725003884402759,-0.7651077596554589,-0.7914874382850372,-0.8689081385394212,0
-0.34937983019880176,-0.39157309674686996,-0.4685988040950382,-0.5960927429730879,-0.569997487642845,-0.6536976036012568,-0.7281501158094256,-0.775729579506927,-0.8578859661444019,-0.8795870955942688,1
-0.3946884435505064,-0.46960328552613606,-0.5868022347705578,-0.55890831886238,-0.6392619516834963,-0.7064686613592852,-0.7380000362454596,-0.8396233331181756,-0.8682798544987841,-0.8537322506020533,1
-0.47131483750702496,-0.5853498349407499,-0.5510800410844886,-0.6249785726693942,-0.6896466238746162,-0.7158090614800968,-0.7972505600004234,-0.8496251292872763,-0.8431151899263242,-0.8188567963005146,1
-0.5849790594358144,-0.5503701339874566,-0.6145521657664536,-0.6730396978907883,-0.698564637236768,-0.7719946523011575,-0.8065255145619484,-0.8254097599148107,-0.8091707160927114,-0.5706395853575339,0
-0.5506286575252083,-0.6125229782320449,-0.6607233480555096,-0.6815464468341701,-0.7522094322371647,-0.7807898285941622,-0.7840699029075111,-0.7927457850119025,-0.5675795227835932,-0.7029596869237974,1
-0.6116633468308614,-0.6577344835310883,-0.6688955798612117,-0.7327173505608097,-0.7606068776023514,-0.7594958090970408,-0.7537796552458748,-0.5602682184514682,-0.6963674143030122,-0.6465290553734792,0
-0.6560614787668471,-0.6657368539117163,-0.718054252550937,-0.7407275380977086,-0.7402758052764314,-0.7307724265321278,-0.5381964909855084,-0.6841978005392343,-0.6414431664491423,-0.7290953811309807,1
-0.6639198832506116,-0.7138737540433004,-0.7257494495991131,-0.7213340565000755,-0.7128513367090358,-0.5263410276615362,-0.6531199730540465,-0.6313454787665106,-0.7218054309799704,-0.6759546975274281,0
-0.7111907809766524,-0.7214090049264744,-0.7071185921246156,-0.6951742987676418,-0.5176646291600525,-0.6353197054861932,-0.6041084880542287,-0.7086762102617952,-0.6700833077787969,-0.7273567907526084,1
-0.7185904696326502,-0.7031653934425721,-0.6819875337622099,-0.5089888501955127,-0.6217151294019513,-0.5888435046492072,-0.675819509624942,-0.6589052183044737,-0.7201132512854561,-0.7009235301152807,0
-0.7006750681370867,-0.6785566890085123,-0.5031235923543875,-0.6082409422306767,-0.577340651357612,-0.656845032061778,-0.6296654307893511,-0.7070478652373955,-0.6943856115453982,-0.7012679047479199,1
-0.6765090843015479,-0.503410469357032,-0.5984727214647859,-0.5659128441568567,-0.6422670487568867,-0.61307842842965,-0.6743094982373424,-0.6822907580010432,-0.694720793292581,-0.6991815962938732,0
-0.5045138163550041,-0.596777748302708,-0.5578091222853513,-0.6278450862431814,-0.6004796359095868,-0.6554131310998611,-0.651351517409723,-0.682613295573184,-0.6926901776591637,-0.714073291573238,1
-0.5962013799898697,-0.5569593499288168,-0.6173059573212643,-0.5879847478864272,-0.6408999004820285,-0.6336427291673329,-0.6516506158191899,-0.6806592815439043,-0.7071843475810228,-0.6701839148484466,1
-0.5570993307926476,-0.6152195316946211,-0.5790130763307479,-0.6265409855796912,-0.6201139884415885,-0.6339263557040202,-0.6498386021540704,-0.6946066829644347,-0.6644665728696975,-0.620252936558812,0
-0.6143113882002432,-0.5777225756717139,-0.6160531387661448,-0.6067136397228584,-0.6203847889652624,-0.63220807454972,-0.6627724304624713,-0.6535003653965628,-0.6158684737199349,-0.6437707148693309,0
-0.5774890176622264,-0.6139927532164587,-0.5970054781954248,-0.6069719519696652,-0.6187442110354325,-0.6444728570196772,-0.6246533545297418,-0.606735548868902,-0.6387584582799609,-0.6750619982369946,0
-0.6131066799657038,-0.5953410019696295,-0.5972536326399966,-0.605407031173477,-0.6304543618358524,-0.6083256186983644,-0.581286989025104,-0.6287620467566457,-0.6692144385894981,-0.6754364638569518,1
-0.5947904813074956,-0.5955839984758808,-0.5957502503738533,-0.6165771549334482,-0.5959417552895767,-0.5672025245343906,-0.6017127969104409,-0.6580691257630993,-0.6695789080621627,-0.6340145480922349,0
-0.5950291062077986,-0.5941118643020861,-0.6064811231517417,-0.5836561368379964,-0.5566783084881689,-0.5865717387000121,-0.6288900980191797,-0.658419846229893,-0.6292627268403597,-0.6513937649898859,0
-0.5935834563263513,-0.6046196938054225,-0.5748546824343322,-0.5462033689369165,-0.5751716180369235,-0.6123432023588196,-0.6292153312411243,-0.6196245260235728,-0.6461780154020621,-0.6733334381877285,0
-0.603902245704502,-0.5736506147999674,-0.5388746972378826,-0.5638438382965117,-0.599777657853073,-0.6126516117967709,-0.593239309931565,-0.6359017134020901,-0.6675320214701445,-0.6877403342269702,0
-0.5734903130221977,-0.5384184805828983,-0.5558214774623252,-0.5873151423534428,-0.6000721205584271,-0.5785365713791017,-0.6083336160714543,-0.6564501750369174,-0.6815543335925717,-0.8483961155176647,1
-0.538892019224869,-0.5550130186894247,-0.5783698021880231,-0.5875960255732714,-0.567499812909931,-0.5928500736868784,-0.6273887982357395,-0.6699435187102594,-0.8379214999408533,-0.784506262555523,0
-0.5551880148436187,-0.5770926721069651,-0.5786396400306643,-0.5565258272656192,-0.5811660373959171,-0.6109195623639907,-0.6399015656764442,-0.8204119932629994,-0.7757371503591732,-0.8222035827788811,0
-0.5768704463187225,-0.5773569013176462,-0.5487912379549434,-0.5695618181287377,-0.5984183969721083,-0.6227850647580288,-0.7794353294948017,-0.7605734450490538,-0.8124281620046515,-0.862665930392458,0
-0.5771299219384695,-0.5481289040754292,-0.5613146049732336,-0.5860185653476266,-0.6097473237343466,-0.7551009746062344,-0.7239453148685715,-0.7958803491838718,-0.8518103902027515,-0.864849198694529,0
-0.5484277482505691,-0.5603919704782901,-0.5771242114322601,-0.5968250456533555,-0.7360797117251359,-0.702481367911486,-0.756686427167004,-0.8337769481940331,-0.853935377396055,-0.8927970390268619,0
-0.5604701971027529,-0.575872971196946,-0.5875057405745865,-0.7173314706175173,-0.6858396417553957,-0.7335288358838178,-0.7918290383453304,-0.8358217737727502,-0.8811371659853725,-0.9149005409334358,1
-0.5756726883239978,-0.5860387182400256,-0.7032734028669796,-0.6694082791201466,-0.7154830971381378,-0.7668535771167367,-0.7937252641839889,-0.8619974200399739,-0.9026506274477455,-0.8935794046971295,1
-0.5856555494444404,-0.6994001271903661,-0.6572347302327923,-0.6976846925448603,-0.7473008441041643,-0.7686517142862207,-0.8179986972396519,-0.8826993218790233,-0.881898646847904,-0.8584866265982942,0
-0.6969775405556926,-0.6543183773072825,-0.6843992094808148,-0.7280351276017017,-0.7490176668416303,-0.7916695222490343,-0.8371961689385377,-0.8627301753009537,-0.8477426505524769,-0.8699345755512679,1
-0.6527068296829759,-0.6809182375789748,-0.7135561520847677,-0.7296727770887383,-0.7709945753599757,-0.8098739400552504,-0.8186782023640717,-0.8298626572699958,-0.8588850030025095,-0.8537222202729474,0
-0.6788281476530362,-0.7094691474688215,-0.7151294030780234,-0.7506361952543423,-0.7883757623697591,-0.792313877681897,-0.7881992032789854,-0.8405846829691193,-0.8431054273511637,-0.8565373993086962,0
-0.7068654150653352,-0.7110096981346675,-0.7352684613515686,-0.7672158288819062,-0.771609792083662,-0.7634115074967444,-0.7981420474927178,-0.825400365616593,-0.8458454567795888,-0.8863441939686728,1
-0.7083782505983239,-0.7307301621711269,-0.7511961218667507,-0.7512230405529129,-0.7440144299819091,-0.7728400245998276,-0.784061191303352,-0.8280370319830247,-0.8748565759653482,-0.7204793284289325,1
-0.7277439354685444,-0.7463267631694557,-0.7358322297013724,-0.7249002702375429,-0.7530165755455906,-0.7594875481299529,-0.786506248204042,-0.8559537548532599,-0.713419378916964,-0.7064602717817889,1
-0.7430599472734285,-0.7312822124862999,-0.7105445690195769,-0.733487271529447,-0.7402679178825381,-0.7618061262259799,-0.8123942318972149,-0.7006065080927996,-0.6997745530340822,-0.2923247002105025,1
-0.7282860541740871,-0.7065201607424698,-0.7187938973517479,-0.7213265328424017,-0.7424816464352892,-0.7863549667557659,-0.668336241652165,-0.687476410617208,-0.2966940956090563,0.08061630972246947,1
-0.7039694818092309,-0.7145980251832924,-0.7071113643252591,-0.7234381727628991,-0.7659203519552135,-0.6497488613332016,-0.6561603229056169,-0.29960149437248546,0.06629146563114138,0.11183069390032027,0
-0.7119020221843516,-0.7031583158744289,-0.7091399666779717,-0.7457959754840807,-0.6354917774024453,-0.6382027829998989,-0.2964727065113512,0.04969103909218432,0.09667259953111314,0.11146625860946946,0
-0.700668117897272,-0.7051447533332994,-0.7306185770989138,-0.6213822643012312,-0.6244678298707522,-0.29712122021560694,0.027436351600964318,0.07892609514563519,0.09631789263360946,-0.14255851288588145,1
-0.7026188185385839,-0.7261769266656397,-0.6110972776740665,-0.6108666987588962,-0.2988104816682356,0.010032550738343231,0.05454686374448209,0.07858476897705938,-0.15092583169353058,-0.03480268730019545,0
-0.7232726145211194,-0.6091399006595745,-0.6009952234401899,-0.3002274128296561,-0.005546660185964539,0.03574068031614257,0.05423034212669704,-0.15933209625141753,-0.04604648674256652,-0.07035351709487103,1
-0.6083411321994587,-0.5992478195847002,-0.3025714343442858,-0.020487788967458113,0.01899890961033516,0.03544053184527946,-0.16639684094186252,-0.05840915049877419,-0.08064830730366371,0.013476630129985633,0
-0.5986270136851825,-0.3070268268970571,-0.03383221720535621,0.0029258337139721102,0.018712334298874728,-0.17377396696925368,-0.07280807745927428,-0.09170567481500667,0.0009440416974074632,0.005890357882819486,1
-0.3116631954712999,-0.043873406573717626,-0.011339305608058098,0.0026524741518176623,-0.18104117431439462,-0.08502639754306432,-0.10368490646763201,-0.01319126174429313,-0.006439719315771158,0.11326837440551278,1
-0.053244012176185775,-0.021848014511942255,-0.011601915651342545,-0.1878891722135469,-0.09630690171746321,-0.1143060185585681,-0.030876222772856014,-0.020296482629605865,0.09807190197080778,0.14785294916297773,0
-0.03161486587299457,-0.02210516615447992,-0.1946507528865543,-0.10706251782196347,-0.12426245480701523,-0.04526360929291152,-0.037465099385285486,0.08027261122350421,0.1317332611247615,0.13076461180940055,0
-0.03186739125292666,-0.2013492977608987,-0.11700250440012236,-0.1337288685044453,-0.058342245777170613,-0.05151165406712172,0.05579552700730491,0.11266415147809927,0.11510108724271816,-0.05521106358785647,1
-0.20788684805215293,-0.12531498319802742,-0.14262023458586287,-0.07084864555119909,-0.06430774469188824,0.03692475226542008,0.08583313814832369,0.09665939874789486,-0.0659100730027882,-0.03072034335405609,0
-0.13322042172336576,-0.15040024388706555,-0.08221269683103621,-0.07653903863862035,0.02012943606839107,0.06540856678478166,0.07099146852905204,-0.07752341593903404,-0.042073118652178054,-0.03592274071703128,0
-0.15785438837309096,-0.09124828853521251,-0.08767932241097079,0.004004224647242898,0.047325170212877715,0.05133463252255659,-0.09053328805525053,-0.05458567112417429,-0.04713664096884007,-0.061266038924841115,0
-0.09976660074884941,-0.09660128924088604,-0.010303321033632303,0.029945796307131213,0.033887680149800536,-0.10183471191141145,-0.06926245456646835,-0.059458180466416155,-0.07180341420810628,-0.1647255402101267,0
-0.10502329879532976,-0.020833563078077173,0.014618131147436096,0.017127991516558097,-0.11235511915926001,-0.08166418393825563,-0.0737808732570547,-0.08319444062977957,-0.17250112279858795,-0.18492996647263224,1
-0.03061866483289461,0.003569891879828494,0.0023043703104832962,-0.12237065330262452,-0.09309673240284422,-0.08594887220122223,-0.09579219309937129,-0.18009349531251242,-0.19216620336387594,-0.15914533378415882,0
-0.006654237951980654,-0.008487925046878297,-0.13170866682406293,-0.10400038914865292,-0.09718766070222755,-0.10682158237685653,-0.18564948613375684,-0.19901674335567895,-0.16706987681754082,-0.19222535917572492,0
-0.018495129849539667,-0.13971547518014804,-0.11406079006204375,-0.107902659595558,-0.11711647593958342,-0.1920307042336937,-0.20319756077849518,-0.17486713407073728,-0.19926684969739578,-0.25063530900295916,0
-0.14736184299957403,-0.12243441296372701,-0.11780960866159348,-0.12691243465181803,-0.1984723148188365,-0.20867104560458494,-0.18080293035317266,-0.20584952959267902,-0.2561175790496357,-0.515626573654196,1
-0.13039167411880306,-0.1261053116406896,-0.13607184836891162,-0.2045164556730461,-0.214360155251467,-0.18743485287707953,-0.20953380087030737,-0.26055565954702686,-0.5140350522190965,-0.39531277602780657,0
-0.13399653183600163,-0.1439879671492864,-0.2106241894643273,-0.21967161011433597,-0.19408429468280108,-0.21467952233324397,-0.260264375757546,-0.5087436241601779,-0.3969329631669871,-0.39610517202718,0
-0.1515574711010179,-0.21699072335746816,-0.22518338663468634,-0.20033079412042085,-0.22009691974327597,-0.2627858873422584,-0.4904162460401949,-0.39605901703898705,-0.3977042066046792,-0.44823613583406224,1
-0.22324687804252993,-0.23124730478734262,-0.2066031237556841,-0.22514381712921205,-0.2660278435159152,-0.4810323768396516,-0.3859205541502532,-0.39680116659818454,-0.44844356390634615,-0.30102433898843417,1
-0.23724697777584014,-0.21305323628044318,-0.23044040603328386,-0.2689565836506977,-0.4744049027859822,-0.3819420766193091,-0.3866087708788322,-0.4456264658682583,-0.30516150246506835,-0.2243357860870448,0
-0.21938022795897935,-0.23639505601686234,-0.2725302909523929,-0.46772409573961526,-0.3797956130344984,-0.38259469301925964,-0.4318858815623939,-0.307749482359962,-0.2305201069783868,-0.23120990496768537,0
-0.24230211886769587,-0.2776100945043537,-0.4634815221506657,-0.3774778219402072,-0.380418717152078,-0.42552969263119733,-0.3040285711854553,-0.23592380962024384,-0.23721072515515854,-0.26622244043367277,0
-0.28277568205500886,-0.46459236728071923,-0.37678406886994803,-0.37807219089645167,-0.4214121323474408,-0.30428623233658336,-0.2374225496520498,-0.24236203533210052,-0.27128862084930044,-0.2780816328799922,1
-0.4663940677182526,-0.37969693740250654,-0.3773550650191082,-0.4171751477140248,-0.3056514813051222,-0.24112563163756998,-0.24339290236917402,-0.2751543989773171,-0.28283123888092015,-0.2614546906652905,0
-0.38302594114152355,-0.3802560652858228,-0.4149203475410742,-0.3067529319188895,-0.24534709672738744,-0.2467871477485334,-0.2738022086209866,-0.28626159090336595,-0.26664814345626686,-0.2696695302030993,0
-0.3835750100868809,-0.41704054611564323,-0.30884034565278745,-0.2492295532295182,-0.25075259067567274,-0.27562343019698227,-0.2841022286052474,-0.270688975891175,-0.27464369251284726,-0.28165577348476095,1
-0.41969772315022275,-0.31316543766663096,-0.25357900103975917,-0.25438576662208673,-0.27828485362627836,-0.2853906469506729,-0.2696612927773,-0.2783829061314634,-0.28630996982983486,-0.25173530176158315,0
-0.3176913701372066,-0.25905271083276776,-0.2585324528653852,-0.280648347676065,-0.2876103823395899,-0.27169671717449473,-0.2767960965837082,-0.28960909250160255,-0.25718820812558807,-0.2678540406349143,1
-0.26455215326099607,-0.2639032042002709,-0.28376229115232915,-0.2895438189326025,-0.2745357123956095,-0.2784624492195522,-0.28720646355398555,-0.26158590091823364,-0.2728766664087677,-0.2651291345611192,1
-0.2693153842806362,-0.28860863539895504,-0.2923079592581151,-0.2770721023950323,-0.2809954879943146,-0.28833430488969025,-0.2612197483470081,-0.2766825381540613,-0.2702245001567883,-0.26099663896945013,0
-0.2935763547269753,-0.2969766801336507,-0.2803266771915592,-0.2832339780300234,-0.2904209236969424,-0.26369184006624047,-0.2752192962308877,-0.27413042047158864,-0.2662023191905967,-0.27082636149332373,1
-0.3017938549344968,-0.28524443134153293,-0.2862462448644988,-0.2922247489504311,-0.26689282771289286,-0.2769672141766273,-0.2728526437676305,-0.2702599696059005,-0.2757696428480432,-0.2505717835852877,0
-0.29027267406841145,-0.29104095965085003,-0.29488346509546626,-0.26978167810894443,-0.2795678696996068,-0.274722984784392,-0.26926346285402863,-0.27946638185923683,-0.25605574940695136,-0.3204229954794251,1
-0.2959649204766102,-0.2994986535820265,-0.2733229396151512,-0.28187219599103264,-0.2774251276918962,-0.2713194663441436,-0.27780083493007235,-0.26049616232498135,-0.3240423228257836,-0.3095735228297757,1
-0.30427045705511696,-0.27838626781072956,-0.28493801318097967,-0.2798282689896008,-0.2741755214078103,-0.27941521409036596,-0.2602092022645374,-0.32591805511297434,-0.3134824706936703,-0.29746022871277134,1
-0.2835378916880156,-0.28975991981692273,-0.28297446102247503,-0.27672852202792053,-0.28190516742335475,-0.2627335678840344,-0.32087681362940246,-0.31575655587417306,-0.3016925340913142,-0.2729193568334409,1
-0.2947069270701584,-0.2878371804713412,-0.27999660768761425,-0.28410170654842254,-0.2659778900212568,-0.32026294268474026,-0.31145376179717066,-0.30441137505994303,-0.27780676686490063,-0.2630127351197548,0
-0.29281877858717825,-0.2849212223963248,-0.28707985105694356,-0.26890893381876235,-0.3209057010949821,-0.31132732995123985,-0.3009330478408763,-0.2814266587539947,-0.26816459679788934,-0.2731032462003842,1
-0.28995527978354246,-0.2918572391767041,-0.27248451488980185,-0.3213036858603697,-0.3123741700336075,-0.30135083536465396,-0.27961865633129784,-0.2721482235476562,-0.2779857474095128,-0.2496189023202186,1
-0.2967665148018998,-0.2775652699061131,-0.3228189096081778,-0.31316559614301304,-0.3028488273416631,-0.28113900255605806,-0.2710144952900335,-0.2815988875546524,-0.25512830476668896,-0.13353121669048754,1
-0.282731663869516,-0.32685345445566494,-0.315000839970942,-0.30407952555873485,-0.2835510036157801,-0.272979920728828,-0.2797783690742171,-0.25960370399430105,-0.14213951404893718,0.039217798058999796,0
-0.33113313393874005,-0.31919788491405593,-0.3062720676147927,-0.28567164311639326,-0.2757608875803863,-0.28129045361933785,-0.259381599869411,-0.15087722785549662,0.025998063751379766,-0.005494065652483246,0
-0.32361529120589344,-0.3106505417863983,-0.2885880518559911,-0.27824077722039087,-0.2836956058371594,-0.26194877601067634,-0.15855639719855724,0.010917638915038587,-0.017520242123119922,-0.14658401830042003,1
-0.31522171825640105,-0.29333409172926095,-0.28144939535826247,-0.2858095768404163,-0.2652285876013828,-0.16633909659007004,-0.008519342632223424,-0.0309590111066843,-0.15484387852467518,-0.12264496616744937,1
-0.2982167981765567,-0.2863438135931169,-0.28872056151085956,-0.2681941863397343,-0.17394251981032335,-0.02406321408945399,-0.04735277010600975,-0.16310234126945036,-0.1315438658079014,-0.10248400466440291,0
-0.2913522779862872,-0.2934638471452205,-0.2717978739509385,-0.1811178803069636,-0.03810056391537609,-0.06088785171198143,-0.16989309807776604,-0.14068128285656364,-0.11192108973497604,-0.10510860744713757,1
-0.29834421923982535,-0.27689290093250507,-0.18814573346574187,-0.05154043207387116,-0.07325993676091179,-0.17708936842723036,-0.14910140281774148,-0.12179874343900689,-0.11447563023534833,-0.06748818641359229,0
-0.28207139108712437,-0.19497948643197904,-0.06366375441591193,-0.08507839009858963,-0.18420664839695083,-0.1573731936439136,-0.13159107845769294,-0.12425691813930219,-0.07785946499943534,-0.09106949014178245,0
-0.2016316322189678,-0.07308488949026706,-0.09588287468055125,-0.19090866682670476,-0.1653820683046728,-0.14076864979707007,-0.13387061487935742,-0.08902203695748659,-0.10081127920214554,-0.2105641442245159,1
-0.08192996863785207,-0.10463432908346833,-0.19755150969494623,-0.17295220384480223,-0.14952840657891356,-0.14293026951842513,-0.10119629154614583,-0.11110803206727561,-0.2171160912828013,-0.1860366461173271,0
-0.11291182098495799,-0.2041897617757206,-0.1803011618975323,-0.15782965192009943,-0.15159227464768965,-0.11194613562710129,-0.1216772729244912,-0.2230254381673554,-0.19324334082326897,-0.21980207733113574,1
-0.2106762109644325,-0.18729796580717803,-0.1657732851910511,-0.15979834234479107,-0.12200928928479704,-0.13136766925094662,-0.22546151714142942,-0.20005324759236434,-0.22610742300576867,-0.15278276168792396,1
-0.19408830527346735,-0.17307205383925747,-0.16766455935599087,-0.1315796102955779,-0.14055255232820996,-0.22978332382577074,-0.2041587411040636,-0.2316775868258479,-0.16087714997396277,-0.0898625072060281,0
-0.18011832324602048,-0.17492401750340617,-0.14055549323636796,-0.1492677294871084,-0.23451770491173188,-0.20958250563995917,-0.2334849045720786,-0.16890801756798285,-0.09963651599114637,-0.1978791213484698,0
-0.18193696933085376,-0.14837841858747883,-0.15754804952340146,-0.23889957124314148,-0.2152303977110404,-0.23739167451380208,-0.17527686944816911,-0.10997758484841376,-0.20476968789628747,-0.3431182868032526,1
-0.1558689365327059,-0.16501778129224562,-0.24365523252334179,-0.2205017203443655,-0.2417819946875649,-0.18219464608760322,-0.12062897655733089,-0.21114478235471693,-0.34613177622263563,-0.29990428557159815,0
-0.17220895033694847,-0.24933520977209353,-0.2259808538303491,-0.2458288599608785,-0.18908105782307988,-0.13037359954469296,-0.21444424174805896,-0.3471742205468676,-0.3040713482387946,-0.3720256952867253,0
-0.25500947399548124,-0.23202819647248074,-0.2503120357306399,-0.19555828726922542,-0.13960343592970278,-0.21933595411516976,-0.3405882699736828,-0.3067004523923199,-0.37426751783565604,-0.43438759478172095,0
-0.23801382090205672,-0.2558536500320214,-0.20201828969723754,-0.14836238268033944,-0.22454278076786285,-0.33895475754914733,-0.3030557753876747,-0.37424858801025,-0.4349647018011958,-0.5416853686715666,0
-0.2614106448647741,-0.2085636988882455,-0.15667830433417443,-0.2293846521714463,-0.33875224434447704,-0.3033637576784253,-0.36569511316057834,-0.43265607146236773,-0.5393982224864897,-0.5443099714543014,0
-0.2149714591698864,-0.16416611392567537,-0.23451447560387423,-0.3383272152906986,-0.30477072232035773,-0.36276286469671104,-0.4198580600865529,-0.5331500109297366,-0.5419527629868622,-0.6081697334291254,1
-0.1713726048125857,-0.24038444526027092,-0.33917301028539093,-0.3059127901452948,-0.361483713545292,-0.41412405073839037,-0.5130489936458698,-0.5356081856300321,-0.6041078248430605,-0.5924154298466453,1
-0.2462197373765537,-0.34286763197444525,-0.30803324139131616,-0.36001039670711327,-0.4105222705119359,-0.5024943693342285,-0.5153285300675344,-0.5954185509493248,-0.5887740734573849,-0.4907948222307918,0
-0.34685920989268865,-0.3123751092239686,-0.3600035280307038,-0.4067874843521477,-0.49489635212106814,-0.5046559890555837,-0.5707924098812871,-0.5806632398820731,-0.489866170313024,-0.5275559784042573,0
-0.3169152600245706,-0.3632651833632747,-0.40494116589625745,-0.4872705583766193,-0.49696022018984437,-0.5572508128490684,-0.5571093836151927,-0.4854864732059168,-0.5256460082768408,-0.5847522584096664,1
-0.3668898010385105,-0.4072687836992043,-0.4822593448787445,-0.4892392488013111,-0.5471766279779046,-0.5442755872095449,-0.468849218009999,-0.5199165761737506,-0.581315466034641,-0.549809935247421,0
-0.4101017587127957,-0.4829798893168674,-0.48415061904368434,-0.53713986932566,-0.5347881613026512,-0.4605809759855044,-0.5007772472535703,-0.5734859960437579,-0.5473059083666239,-0.567459971030934,0
-0.4844507907567139,-0.4848318529810162,-0.5301676082798025,-0.5253227110057265,-0.4548783446371904,-0.4908574203629581,-0.5504537180375424,-0.5407593924860654,-0.5644847864576643,-0.6305607714367378,1
-0.4862694368415473,-0.5298923701596703,-0.5188151447572585,-0.4490980272247283,-0.4837856432565476,-0.5379642083543267,-0.5201053930148445,-0.5572902259164606,-0.6259011467933726,-0.6189356200028916,0
-0.5305192969948203,-0.5187758697960149,-0.4455879002105269,-0.4766722325998707,-0.5287621923680839,-0.5091857526754938,-0.5354349124670331,-0.6163897560039481,-0.6145863221821682,-0.6657070446241383,0
-0.5196027869926098,-0.4470706677474279,-0.4720777848519468,-0.5195746365428046,-0.5012851411747323,-0.5237223010946461,-0.5902396142327375,-0.6055017643696454,-0.6601092101563232,-0.7570031001468893,0
-0.4491875906837835,-0.47300995499241755,-0.5132931060489244,-0.4933647210925443,-0.5151643252958408,-0.57569204504514,-0.580142865012192,-0.6493073769587339,-0.7489681692686452,-0.7868901374397141,1
-0.47466021960447663,-0.5133686077345764,-0.4881138623574757,-0.5066038507128605,-0.5647839202792992,-0.566117584190169,-0.620765075206673,-0.7348142793361478,-0.7780573890556901,-0.7692635057574484,1
-0.5142928037742169,-0.4887127195128951,-0.5008323799583904,-0.5539351811398782,-0.5556424307568341,-0.6046384737214285,-0.7000580962639678,-0.7628061565921248,-0.7609012903066911,-0.7488651597988935,0
-0.4900804850065805,-0.5011668802556237,-0.5463024657098696,-0.5452152618957335,-0.5924213484818169,-0.6798297961562396,-0.7260157727904147,-0.7462972431909042,-0.7410474666216301,-0.7809755867102134,0
-0.50231059033376,-0.5456918614447722,-0.5379254462557345,-0.5802980776295095,-0.6642124076996583,-0.7044447244227298,-0.7107065804145977,-0.7271923720488621,-0.7723007239026212,-0.78907006229875,1
-0.5460345490077244,-0.5374889599667523,-0.5716286746548997,-0.6487784097780892,-0.68771421237073,-0.6899274515934494,-0.6929900814227807,-0.757266652076427,-0.7801791220572734,-0.7690829598335405,0
-0.5379792210625448,-0.5704916602186996,-0.6374161043973835,-0.6711964017606629,-0.6738534321687062,-0.6731273981921904,-0.7208788302045231,-0.7648478507381028,-0.7607255639537992,-0.7934800636623516,0
-0.5703881893182589,-0.6349116854585072,-0.6589525372131773,-0.6579748273415859,-0.6578131021208029,-0.6995735074965164,-0.7279090947610203,-0.7461281458229858,-0.7844714009362431,-0.8310469896073318,0
-0.633649272111205,-0.6560004793359936,-0.6462508844774277,-0.6426742155185988,-0.6830632791049144,-0.7062401079365177,-0.7105497715397315,-0.768978210521147,-0.8210354991046329,-0.8407663785110393,1
-0.6543586700122578,-0.6435628329189326,-0.6315519498528437,-0.666759951618905,-0.6894284059768984,-0.6897787541858658,-0.7317392967230275,-0.8041629887791352,-0.8304954344353118,-0.8339256940607519,1
-0.6421447819113124,-0.6291694185049552,-0.654690544859319,-0.6728315433618082,-0.6737114590786248,-0.7098721797995337,-0.7643671581673901,-0.8132660637520768,-0.8238373581757421,-0.6984360084969945,1
-0.6280103108749188,-0.6518270733208607,-0.6605233789399808,-0.6578394015034542,-0.692896230158702,-0.7408122551997218,-0.7728087025976822,-0.8068591523676122,-0.6919644929055548,-0.6258532036429917,1
-0.650260345268219,-0.6575386708124586,-0.6461207840890114,-0.6761394448524686,-0.72243714942083,-0.7488171323079763,-0.7668673885610886,-0.6799609720430562,-0.6213192448513032,-0.6198550668376077,1
-0.6558691887986418,-0.6434354366923541,-0.6637012013903703,-0.7043180507274207,-0.7300800341035468,-0.7431831527539726,-0.6491910395782345,-0.6119806987071124,-0.6154812249052288,-0.5321130912614138,0
-0.6420196775946486,-0.6606504416061049,-0.690771719246759,-0.7116084750135088,-0.7247008314682394,-0.6315940093295134,-0.5861509680140065,-0.6063629083729337,-0.5300814715915007,-0.5977415346019278,1
-0.6589249775704829,-0.687158293491935,-0.6977754568231671,-0.7064773404798534,-0.6181579147560222,-0.5718148978251806,-0.580941428726788,-0.5241847189973213,-0.593958000867695,-0.58524374453586,1
-0.6849559424229528,-0.6940164570227386,-0.6928460976620625,-0.6048477726197111,-0.561082103411991,-0.5668748395065674,-0.5047352194099132,-0.5856516122356665,-0.5817938322175134,-0.5552798080532229,1
-0.6916907248033488,-0.6891895555490462,-0.5952129839550233,-0.5504040778048896,-0.5563654418637303,-0.494610653076598,-0.5617352454237429,-0.5739463166564248,-0.5526297660209035,-0.43649062045094433,0
-0.6869506612497575,-0.593585765070105,-0.5429102185452386,-0.5459049305158487,-0.4873691492154549,-0.5486621607332633,-0.5508805866413445,-0.5458824164474457,-0.4370115883932142,-0.5231760680279737,0
-0.5930668218334624,-0.5423701227962097,-0.5385879945300764,-0.4800904810697497,-0.5389763674600533,-0.5383689957416379,-0.5248561211496771,-0.43462574265534354,-0.521383017123353,-0.53046143040196,0
-0.5427725697880487,-0.5381377370465497,-0.4753616150262312,-0.5293177732306107,-0.5291486746688612,-0.5136907333941401,-0.4216845930919379,-0.5158143992853594,-0.5284739008817119,-0.6559441909609717,1
-0.5386163263788878,-0.4762255301188316,-0.522653106215538,-0.5199432957688297,-0.5055863999779401,-0.4158561001711707,-0.49697318010404073,-0.5226377912241416,-0.6506069703332814,-0.5366167090300046,0
-0.4778179452269328,-0.5225340584800775,-0.5136472682173908,-0.4974676224107556,-0.41217599409825484,-0.48725013140120604,-0.5033007085916934,-0.6401635933601824,-0.5344648678386364,-0.5687137621691831,1
-0.523293364334189,-0.5137154085735953,-0.4920554222731977,-0.4083649445777926,-0.4803414812564242,-0.4932503471627769,-0.612285780491691,-0.5284027588970639,-0.5657051083527466,-0.560926883339897,0
-0.5146333655251348,-0.49257235334034427,-0.40645659449466165,-0.4733869020822321,-0.4860703583543395,-0.5965977990891262,-0.5086467296774064,-0.5584645131936717,-0.5581260958363548,-0.6173474845611092,1
-0.4938706824521698,-0.4087527138199046,-0.46892164579962675,-0.478851585439434,-0.5847442850922288,-0.4983198272991017,-0.5365238629869366,-0.5511714063440052,-0.6130405811150639,-0.5770088443398396,1
-0.4115589923272675,-0.46991941690320105,-0.4741714373988676,-0.5729750508268342,-0.4909105890735969,-0.5247549219806437,-0.5297607542913225,-0.6040143338185112,-0.573778758010612,-0.5419963088738524,0
-0.4716252815520794,-0.47506009056457726,-0.5645936166146136,-0.4834686033653673,-0.5161502495325172,-0.5183416578646739,-0.5787635276869808,-0.5662335978197014,-0.5397008623164702,-0.5922114798214901,0
-0.4766734724041203,-0.563602827225942,-0.4786068969372808,-0.5075443079221081,-0.5100270027399313,-0.5648095977345718,-0.5437283596266183,-0.533441234174485,-0.5885755677624515,-0.6038366312553364,0
-0.5636232892319993,-0.479403358215148,-0.5017358548779475,-0.5017034416812072,-0.554393593390377,-0.5315867417624047,-0.5133190533748059,-0.5804722224849802,-0.5998903923736557,-0.6087581794033438,1
-0.4809386029037106,-0.5020515762735291,-0.4961246733108837,-0.5440240160973532,-0.5226731242823695,-0.502750459313956,-0.5569322476639551,-0.5913602141192829,-0.6046805625858193,-0.5648922067797998,0
-0.5031793703105912,-0.4965570242049907,-0.5367810446909619,-0.5137663728184908,-0.49514086133176394,-0.5441076142120893,-0.5670289968845006,-0.5959696831114294,-0.5619855672165355,-0.5784264641868201,1
-0.4977836674678179,-0.5363683450107386,-0.5077132449457386,-0.48750379176451275,-0.5346277842934851,-0.5536820750670604,-0.5713034906586285,-0.554885285572732,-0.5751585352999853,-0.5751900113286195,1
-0.5368787664252253,-0.507904725127992,-0.4824834066587947,-0.5251697299663556,-0.5437692738159504,-0.5577354562515634,-0.5332047418022707,-0.567561325301135,-0.5720084777148124,-0.5565503164066486,0
-0.5089272186373069,-0.483199293929308,-0.5186681795036773,-0.5338896492105002,-0.5476393550863181,-0.5216074935201227,-0.5449595996811226,-0.5645300984095603,-0.553866358874587,-0.6843968911916392,1
-0.48466624819096804,-0.518631959243769,-0.5270451989578125,-0.5375812572425337,-0.5131451524591272,-0.5327542917775063,-0.542148655405745,-0.5470723608883531,-0.6783001418723519,-0.6835543435467358,0
-0.5194614654497118,-0.5268348607217889,-0.5305916391753813,-0.5046777943483213,-0.5237878759526385,-0.530088753063784,-0.5259595910098459,-0.6668120859710294,-0.6774800855588565,-0.6972758337637346,0
-0.5275167933948914,-0.5303075874907406,-0.498982063323137,-0.5148297164364136,-0.521242876856364,-0.5147371225586177,-0.6369976976233681,-0.6660229649207435,-0.6908352883786386,-0.7338430702411508,1
-0.5309270443972798,-0.49935502281095323,-0.5087347739214514,-0.5124020828936089,-0.5065854698711056,-0.6200314090620348,-0.6362659228739931,-0.6788743648825434,-0.7264263832226825,-0.6806722956502803,0
-0.5005313289412097,-0.5089050214255706,-0.5064026039957675,-0.49842061904945995,-0.6071181924365424,-0.6193374878266443,-0.6481833973638171,-0.7131228447515017,-0.674674972296027,-0.7026955549240063,1
-0.5099095191977776,-0.5066213261046838,-0.49297094352501575,-0.5943171597620283,-0.6064556513494958,-0.6306384908030036,-0.6799430022603099,-0.6633236698995272,-0.6961103331571148,-0.6942633915889012,0
-0.5076669084842504,-0.49346884530515517,-0.5850964741224337,-0.5936851725174139,-0.6172456061956842,-0.6607552231500894,-0.6337627886122414,-0.6839504173528351,-0.6879032616387204,-0.6954269097651964,0
-0.4947510461620255,-0.5836795288589444,-0.5844893389764912,-0.6039775362154206,-0.6460004151997686,-0.6169638366166975,-0.6528905674778535,-0.676052943984497,-0.6890357203573569,-0.7123982266125372,1
-0.583338802839557,-0.5830850131349119,-0.5943769684961263,-0.6314062842088658,-0.6041893401707885,-0.6351021666862097,-0.6455670122479955,-0.6771426825777491,-0.7055539975291928,-0.6899169156429706,0
-0.5827549826951265,-0.5927671263548697,-0.6207271156833212,-0.5915233748790898,-0.6215074280294247,-0.6281574470209129,-0.646577558330466,-0.6930378351620806,-0.6836728124024346,-0.7227629000220636,0
-0.5922629107615679,-0.6185695806157566,-0.5824125512947355,-0.6080428192452619,-0.6148767588963625,-0.6291157192031188,-0.6613175925678801,-0.671982081423498,-0.7156419918618742,-0.7240568124767366,0
-0.6176011683791777,-0.5810513918884197,-0.5982823894150658,-0.6017179310273347,-0.6157916965879984,-0.6430932755159843,-0.6417919837789966,-0.7027452766536936,-0.7169013640575991,-0.7283999449796319,0
-0.5807579471217169,-0.5965913723416026,-0.5922062194227365,-0.6025906753175166,-0.6291371670556526,-0.6245776946161207,-0.6703195835324159,-0.7039571411237755,-0.7211285591021648,-0.7384269306425897,1
-0.5960183570080839,-0.5906414967225153,-0.5930446441480858,-0.6153207041018934,-0.611458888209217,-0.6516296081735655,-0.6714433804689562,-0.7080248722520354,-0.7308878800711038,-0.7347290826455135,0
-0.5901755220705679,-0.5914624946271317,-0.6052740806592133,-0.5984576793686094,-0.6372874740788456,-0.6526952729279151,-0.6752155050699022,-0.717416039036986,-0.7272887440285408,-0.7361767934798118,0
-0.5909817498890674,-0.6034377399255008,-0.5890741730349378,-0.6230951503650076,-0.6383049478910957,-0.6562722716770114,-0.6839242053610772,-0.7139526744273977,-0.7286978090433959,-0.7459730815733321,0
-0.6027415556554555,-0.5875745505271095,-0.6127428066608869,-0.6240657022049512,-0.6417201894469435,-0.6645304851092971,-0.6807125272943751,-0.7153085848034841,-0.73823259078364,-0.76200823437078,0
-0.5871637514842194,-0.610751227006853,-0.61367519277787,-0.6273234459777853,-0.6496049542090582,-0.6614849419095279,-0.6819699021613569,-0.7244836827294282,-0.7538396942738143,-0.810742260053766,0
-0.6099234701305941,-0.6116642332973314,-0.6168048298992165,-0.6348445957658754,-0.6466971349936868,-0.6626772748258931,-0.6904782355568699,-0.7395020341467753,-0.801272792787738,-0.8284792253561976,1
-0.6108200510666839,-0.6147288203033562,-0.6240302199892227,-0.6320708739700676,-0.6478355488456359,-0.6707454860151556,-0.7044051867394228,-0.7851457977537915,-0.8185362798635041,-0.7251568052353606,0
-0.6138295049064275,-0.6218040292572191,-0.6213655712931417,-0.6331567885610121,-0.6555389035482023,-0.6839520187331427,-0.7467319674810593,-0.8017580484354067,-0.7179719931335515,-0.7600121988786872,0
-0.6207774279744728,-0.6191947658017432,-0.6224087836669238,-0.6405048942226008,-0.6681482172524713,-0.7240893041579506,-0.7621369875026278,-0.7049873824949823,-0.7518969418168429,-0.7650908888493553,1
-0.6182151062294717,-0.6202162948037513,-0.6294679343717315,-0.6525327149574061,-0.7064704350492651,-0.7386974476251985,-0.6723987530584183,-0.7376325688014548,-0.7568400590398568,-0.7570833427797373,0
-0.6192182575093862,-0.6271287196903198,-0.6410227762762563,-0.6890876597093908,-0.7204179765841164,-0.6536012256518972,-0.7026715775117361,-0.7423892151323452,-0.7490462698699305,-0.7857032151621715,0
-0.6260063250616946,-0.6384433919619861,-0.6761402440828351,-0.7023919943628815,-0.6391699320880734,-0.6823080862826341,-0.7070825530843589,-0.7348894337218895,-0.7769021509950118,-0.7929049914602746,0
-0.6371174417787155,-0.672830936380628,-0.6889214026115057,-0.6248907966631979,-0.666578625867682,-0.686490889284849,-0.7001277890972417,-0.761694497969698,-0.7839116799603653,-0.7961113533311572,0
-0.670886340291496,-0.6853464360472646,-0.6144678414406283,-0.6510355070802836,-0.6705722763090467,-0.6798958838929435,-0.7249848996315726,-0.7684396040899995,-0.7870324498200563,-0.8245707404478955,1
-0.6831766810304024,-0.6124404066037072,-0.6395844442043209,-0.6548449857492097,-0.6642755068508057,-0.7034671766506517,-0.7312398314178984,-0.7714426480869211,-0.814732129742567,-0.8215917327034155,1
-0.6115822606996906,-0.6370349559014803,-0.6432441199451411,-0.6488385990394812,-0.6867808707600095,-0.7093985510198226,-0.7340246408807984,-0.7980974035632467,-0.8118326449198513,-0.754505548199497,0
-0.6357343440555999,-0.640618564571343,-0.6374739267922352,-0.6703061022692416,-0.6924440195754796,-0.712039306832281,-0.7587423657485818,-0.7953072969925928,-0.746537288053641,-0.7558395819705941,0
-0.6392534821484179,-0.6349683060036532,-0.658097247622663,-0.6757080884791603,-0.694965356490074,-0.7354784241165815,-0.7561550193132911,-0.7324750990799431,-0.7478357105500086,-0.7604368161441744,0
-0.6337048740297222,-0.6551629671057095,-0.6632868075606,-0.6781131510489432,-0.7173445220969832,-0.733024916891451,-0.69788890682832,-0.7337245407428958,-0.7523102241653109,-0.7844026158214277,1
-0.6535362249675241,-0.6602446610325589,-0.6655972940882146,-0.69946027575592,-0.7150019661106397,-0.6777728153513322,-0.6990475501814973,-0.7380302607593371,-0.7756362704158465,-0.7762145238279017,0
-0.6585264971544429,-0.662507123649016,-0.686104970128939,-0.6972257494267475,-0.6622484466201985,-0.6788715239740337,-0.703040368754477,-0.7604763706341376,-0.767666754893028,-0.7792436832179118,0
-0.6607482571485261,-0.6825885436607805,-0.6839583137200709,-0.6469050190172678,-0.6632974700080224,-0.6826578005560254,-0.7238552949589261,-0.7528074918557633,-0.7706150525915473,-0.787184360426823,0
-0.6804684042492936,-0.680486505922237,-0.6356163823576254,-0.6479056654879073,-0.6669125255425032,-0.7023960045849101,-0.7167437220969427,-0.7556445699175057,-0.7783437579270691,-0.7876858768821228,0
-0.6784041830243426,-0.6331493709908395,-0.6365776796720343,-0.6513540085884822,-0.6857581386851637,-0.6956523017854208,-0.7193746265530298,-0.7630817226731769,-0.7788318866851023,-0.7878731096921013,1
-0.6319186623973571,-0.6340906875538909,-0.6398904210437444,-0.6693305346575154,-0.6793193961368411,-0.6981471138459914,-0.7262713131790852,-0.7635514375840614,-0.7790141214214346,-0.7822995901522045,1
-0.6328430442927055,-0.6373345729528778,-0.6571600429727755,-0.6631887221096551,-0.6817013890926518,-0.7046870461239769,-0.7267068933870467,-0.7637267978174583,-0.7735893838238282,-0.7214556137952491,1
-0.6360285708744202,-0.654245242436469,-0.6512597494314533,-0.6654608667271975,-0.6879455759249367,-0.7051000944783762,-0.726869509998019,-0.758506699441162,-0.7143696028992683,-0.7141000391175206,1
-0.6526350105382245,-0.6484675876422007,-0.6534425448371037,-0.6714170957190995,-0.6883399456196074,-0.7052542991973518,-0.7220287619535413,-0.7015208864526548,-0.7072103811147846,-0.6836345861795836,0
-0.646961298102865,-0.6506050132214605,-0.6591645526609665,-0.6717932786027986,-0.6884871769722845,-0.70066395515213,-0.6691841711236632,-0.6946317344263486,-0.6775581861601417,-0.7223817475160358,1
-0.6490602705268894,-0.6562080880015285,-0.6595259426287895,-0.6719337202127129,-0.6841044150988449,-0.6505529287964319,-0.6627956614068958,-0.666098119306485,-0.7152710140057691,-0.7203322169353777,1
-0.6545625437134873,-0.6565619664086909,-0.6596608615501101,-0.6677530744318706,-0.6362594837414042,-0.6444948862652451,-0.6363356157072668,-0.7023882933214214,-0.7132761944812742,-0.6845038813687698,0
-0.6549100557042199,-0.6566940810140314,-0.6556446143743715,-0.6221145669814988,-0.6304753948862348,-0.6194035755633481,-0.6699885425743652,-0.7004687250522733,-0.6784042760073989,-0.7887424048812876,1
-0.6550397935140935,-0.6527613123157688,-0.6118007834780952,-0.6165972180205789,-0.606518750500643,-0.6513156914242222,-0.6682084714578296,-0.6669122918186848,-0.7798602112686919,-0.6982454322439807,0
-0.6511777769237529,-0.6098287839588502,-0.606500397283359,-0.5937453617788057,-0.6369877531108958,-0.6496277004825778,-0.6370906214010666,-0.7645409703296583,-0.6917790039775024,-0.7284467531821264,0
-0.6090176222080848,-0.6046385673204712,-0.5845471613713429,-0.6228092513733964,-0.6353760956253418,-0.6201195260443066,-0.7276245156918189,-0.6797824803769201,-0.7211741177862477,-0.7497478287602208,1
-0.6039207796773411,-0.5831416336800578,-0.6124681502853415,-0.6212719173220127,-0.6072023246380722,-0.7059702496783103,-0.6490255190992092,-0.7080687123103845,-0.7419065732357681,-0.7431545590945479,1
-0.5828105846136435,-0.6104822794174097,-0.6109912699501717,-0.5943974121105509,-0.6891707511097136,-0.6314370509548418,-0.6752561592226451,-0.7280190702920188,-0.7354893071634946,-0.7356853073536183,0
-0.6096593610176374,-0.6090360963268068,-0.5851735706489026,-0.6725857705444581,-0.6180080542720474,-0.6563108228567551,-0.6937567025887927,-0.7218438849302572,-0.7282194428605236,-0.742994073828852,0
-0.6082391953488437,-0.5837550229191389,-0.6602872708276699,-0.6047048231239055,-0.6417569972851126,-0.6738543632959327,-0.6880302747881267,-0.7148482641908175,-0.735333105960924,-0.7515934093157236,0
-0.5834129387309134,-0.6573074702531126,-0.5950756557672506,-0.6273585563802637,-0.6585071927834232,-0.6684241542634326,-0.6815430335575549,-0.7216935761587742,-0.7437028870653295,-0.7764051000809157,1
-0.6556421476313632,-0.5934512912753834,-0.6168385596295466,-0.6433362973939092,-0.6533225458641533,-0.6622724874385821,-0.687890889121579,-0.7297476211640738,-0.7678522438210806,-0.7383767789970597,1
-0.5929347672769841,-0.6147618489546912,-0.6321879961962119,-0.638390746416212,-0.6474490665448588,-0.6682919787900249,-0.6953596377540907,-0.7529859835218995,-0.7308390671953005,-0.7366248148465462,0
-0.6138619393588958,-0.6297922445015607,-0.6274369227525666,-0.6327881293349872,-0.6531963475618586,-0.6753743812401214,-0.7169092425759682,-0.7173690675458975,-0.7291338707339053,-0.7441977133215713,0
-0.628621931978608,-0.6251399230420681,-0.6220546214984574,-0.6382703678934283,-0.659958473259811,-0.6958092601600926,-0.683880647340281,-0.715728196790541,-0.7365046149802033,-0.7598416832838853,1
-0.6240533076737779,-0.6198694939647325,-0.6273212779628633,-0.6447206504059219,-0.679469256620816,-0.6644891802738572,-0.6823590204804691,-0.7228208919448971,-0.7517309780391117,-0.7473405497747823,0
-0.6188776957584684,-0.6250266819517762,-0.6335179112778003,-0.6633316716054608,-0.649565517239591,-0.6630462646891564,-0.6889362816206865,-0.7374728657317541,-0.7395635551972097,-0.7497444853171854,0
-0.6239421038367434,-0.6310945170399176,-0.651397077619226,-0.6348069774775054,-0.6481878524395417,-0.6692832948405828,-0.7025234802410294,-0.725764438719773,-0.7419033190440478,-0.7565717959953314,0
-0.6299007761045037,-0.6486020614369223,-0.6239940809924402,-0.63349284527045,-0.6541428348290682,-0.6821676498421385,-0.6916659175905778,-0.7280159388592795,-0.7485483785367366,-0.7594605307778577,1
-0.6470933526593434,-0.6217686414165028,-0.6227316253715123,-0.6391732068143061,-0.666444540171494,-0.6718717311948169,-0.6937537987207396,-0.7344103245127871,-0.7513600001830066,-0.7464311332691724,0
-0.6207426767753994,-0.6205324261808163,-0.6281886138856384,-0.6509076048998259,-0.656614218249004,-0.6738516096402366,-0.6996834972851209,-0.7371158823994819,-0.7386784150493101,-0.7502526886585557,1
-0.6195287015544406,-0.6258759901289656,-0.6394615716152612,-0.6415306195521535,-0.6585045636521253,-0.6794745745714563,-0.7021924392829787,-0.7249126890147026,-0.7423979561855212,-0.7432414886134665,1
-0.6247761326145016,-0.6369146372430453,-0.6304533243506618,-0.6433337895080178,-0.6638732497622415,-0.6818537330927952,-0.6908760654801414,-0.7284919166356424,-0.7355739161482204,-0.7251334011341134,0
-0.635616189978751,-0.628093628147182,-0.6321855869297598,-0.6484548924981078,-0.6661448192035444,-0.6711227368455067,-0.6941951866648071,-0.7219253021814772,-0.71794921379151,-0.7346822744430189,0
-0.6269538744230918,-0.6297898853121795,-0.6371053090250557,-0.6506217059082147,-0.6558990945360015,-0.6742701653060277,-0.6881057753575067,-0.7049654624658077,-0.7272431853444576,-0.7352573466450958,1
-0.628619615232003,-0.6346073500283476,-0.6391869152397157,-0.6408484745897127,-0.6589041916093915,-0.6684957493115284,-0.6723784259820469,-0.7139088343690484,-0.7278029063203355,-0.7291020680170514,1
-0.633350411799175,-0.636645689653602,-0.6297980038756764,-0.6437149881634995,-0.6533909032778962,-0.6535819500620252,-0.680671873141632,-0.7144474408001961,-0.7218119393634109,-0.7280020752584273,0
-0.6353520808657943,-0.6274519286355279,-0.6325517954304869,-0.6384559514493865,-0.6391515281689888,-0.661446390729784,-0.6811713384467611,-0.7086824731272736,-0.7207413102874585,-0.7510450846579293,0
-0.6263237193465637,-0.6301484820981038,-0.6274995636803227,-0.6248732414619587,-0.6466603271555175,-0.6619200195094949,-0.6758253173610481,-0.707652231756067,-0.7431691996232134,-0.7549803171105139,1
-0.6289717607159453,-0.6252012619659764,-0.6144509765754632,-0.632035763567589,-0.6471125377387398,-0.6568505393731701,-0.674869944771586,-0.72923406619484,-0.746999383277912,-0.7522453807076132,0
-0.6241135430855049,-0.6124238922780397,-0.6213318415628115,-0.6324671199408972,-0.6422723070194823,-0.655944586649188,-0.6948834033933863,-0.7329197625289137,-0.7443374544507724,-0.763502753407573,0
-0.6115660434734564,-0.619161737150408,-0.6217462353925818,-0.6278501020149639,-0.6414073228225047,-0.6749227817059784,-0.6983012560918568,-0.7303582505482236,-0.7552943179727525,-0.7800093316730026,1
-0.6181826717770034,-0.619567517723954,-0.6173107758541686,-0.6270250075567173,-0.6595272957269712,-0.6781638344601633,-0.6959258920244406,-0.740901784581211,-0.7713602624954775,-0.7766491714224948,1
-0.6185811521930433,-0.6152242500733832,-0.6165181271914103,-0.6443093571197441,-0.6626217832644867,-0.6759113441008402,-0.7057032157591476,-0.7563616680147893,-0.7680897998166567,-0.751890975745868,0
-0.614316021693453,-0.6144480767670074,-0.6331227915796472,-0.6472611388138362,-0.6604711538628829,-0.6851829028292519,-0.720039612337184,-0.7532145781118633,-0.743992510128429,-0.7626535188765988,0
-0.6135538120604463,-0.6307076099814202,-0.635958498193831,-0.6452096881547306,-0.6693234389425897,-0.698777701000374,-0.7171212249438427,-0.7300263186778653,-0.7544677532758165,-0.7670568333541299,1
-0.6295208296613027,-0.6334843758829529,-0.6339877182359701,-0.6536537399508292,-0.6823034601598489,-0.6960102770259001,-0.6956180820108145,-0.7401064006654464,-0.758753523771346,-0.7580195068296299,0
-0.6322476404152505,-0.6315545589692284,-0.6420997183803685,-0.6660351725963114,-0.6796611832055558,-0.6756194565970649,-0.7049656332736662,-0.7442304975830124,-0.7499574435515919,-0.7627103574081996,1
-0.6303525416924559,-0.6394979496153294,-0.6539942668546467,-0.6635147472755276,-0.6601924659453157,-0.6844834742824694,-0.7087900274995674,-0.7357662348888737,-0.7545230745350604,-0.7509481248099047,1
-0.6381530275110984,-0.651145267589728,-0.6515729540702332,-0.64494385225025,-0.6686556395929473,-0.6881100388340934,-0.7009408721521029,-0.7401596350220135,-0.743074828063327,-0.6213830203047539,0
-0.6495908054994076,-0.6487742822617413,-0.6337323359920419,-0.6530167369344321,-0.6721182055121555,-0.6806669074878217,-0.7050149990305686,-0.7291432546454023,-0.6169683905213692,-0.6523600200270965,0
-0.6472624751614998,-0.6313044848948338,-0.6414877647015216,-0.65631962265331,-0.6650116636141907,-0.6845302864293014,-0.694799191219847,-0.6077939731347618,-0.6471184768092055,-0.6848616297735501,1
-0.6301069665523382,-0.6388987155125346,-0.6446607686190069,-0.6495408070890526,-0.6687003348250101,-0.6748429256907945,-0.5822684964270437,-0.6368066974637275,-0.6787524745214624,-0.5869321832687022,0
-0.6375645738734579,-0.6420057679274188,-0.6381485213988379,-0.6530593709945847,-0.6594510509193349,-0.5681332601596366,-0.6091728339387933,-0.6672473551217823,-0.5834371990362243,-0.6116669748440817,1
-0.6406157291520893,-0.6356288790303559,-0.6415287222312084,-0.6442366284288956,-0.5575669548668267,-0.5936458801830206,-0.6374013352827457,-0.5755276901897359,-0.6075117093824104,-0.593441866858492,0
-0.6343535630790895,-0.6389388217320131,-0.6330529228525348,-0.5470510343681851,-0.5819258563409825,-0.620414167203778,-0.5523470400081479,-0.5986940295945594,-0.5897731103154923,-0.598864931461799,0
-0.637603958565741,-0.6306391934893688,-0.5396890292987103,-0.5702865971513312,-0.6074836416869371,-0.5397595918681147,-0.5738298558648046,-0.5816245897330168,-0.5950514092856889,-0.6281936137677234,1
-0.6294536440097611,-0.5392158865937039,-0.5620108829779057,-0.5946657559009227,-0.5304763859742522,-0.560131136707078,-0.5580008711074871,-0.5867037736360479,-0.623597179055457,-0.6103730623894087,0
-0.5396750795773195,-0.5610737762094226,-0.5854313621592829,-0.5212097781439499,-0.5499266993154077,-0.545120959508215,-0.5627109450895765,-0.6141727016245734,-0.6062523371866855,-0.6899737541745714,0
-0.5611397368715642,-0.5840074561829146,-0.514863947775728,-0.5397631179679883,-0.5355953046110771,-0.5495873890471173,-0.5881836756511597,-0.5974821651244775,-0.6837281336616785,-0.705480642972437,0
-0.5836608306176359,-0.5149067992110414,-0.5326877009887543,-0.526092631974364,-0.5398597555761155,-0.5737424568123763,-0.5727060589282643,-0.672035315780065,-0.6988210748600578,-0.7065338275285663,1
-0.5158033225606009,-0.5323600822522814,-0.5195547895580694,-0.5301604228900966,-0.5629224953204539,-0.5590654719527285,-0.641841349535899,-0.6865589008246137,-0.6998461452519271,-0.6972457427764165,0
-0.5329426139435283,-0.5195001409360069,-0.5234626197434613,-0.5521595979288185,-0.5489092255031576,-0.6246245067629527,-0.6553094895660657,-0.6875453021374711,-0.6908060006531564,-0.7236455689833909,1
-0.5203140282003089,-0.5233267461121209,-0.5445967050617455,-0.5387925661280447,-0.6115035834412798,-0.6373959618809726,-0.6562242080027847,-0.6788461819878903,-0.7165010984760121,-0.7025651606456284,1
-0.5240717911934298,-0.5440215553629666,-0.5317553148717712,-0.598500313428762,-0.6236974944004956,-0.6382633634252107,-0.6481572625513394,-0.7035719748968502,-0.6959834196800262,-0.6750319072496768,1
-0.5443942924114671,-0.531447075961803,-0.5891151305646246,-0.6101318881927373,-0.6245256707593039,-0.6306137079017395,-0.671086204698428,-0.6838282914760051,-0.6691851508640162,-0.669642277076723,0
-0.5320460330074385,-0.5876146567465881,-0.6002893083697091,-0.6109218722485055,-0.6172219440140039,-0.6523565732773079,-0.6527773166237834,-0.6580409428684463,-0.6639393938110218,-0.6869044734681375,0
-0.5872031361765025,-0.5985565770960434,-0.6010482273021373,-0.6039549652423986,-0.6379815647414658,-0.6349947741140659,-0.6288639632067021,-0.6529930732928074,-0.6807407856625168,-0.6983591093071817,0
-0.5979482069299517,-0.599299721751084,-0.5943552850980568,-0.623757232240318,-0.6214048919088103,-0.6123184194575557,-0.6241829279051435,-0.669160660525452,-0.6918896464959896,-0.7185100404811224,1
-0.59867798211049,-0.59274589365044,-0.6133788530042552,-0.6079450116955002,-0.5997539956713929,-0.6078795264756134,-0.6391755986631753,-0.6798889490900537,-0.7115026599937545,-0.7135450275736557,0
-0.5922420600421239,-0.6113740530034584,-0.5981884280234319,-0.5872925713804209,-0.5955158360193324,-0.6220966508340303,-0.6491242506130136,-0.6987620942093931,-0.7066701852892281,-0.7226124450854736,0
-0.6105350912342833,-0.5964993639557404,-0.5783481187899537,-0.5832498593236015,-0.6090900409098956,-0.6315306752485054,-0.6666258633689032,-0.6941119165916365,-0.7154955532344642,-0.7858168922253728,0
-0.5959280038904934,-0.5770714394025355,-0.5744643812690835,-0.5961980741805237,-0.6180974447361726,-0.6481269581282612,-0.6623136193100853,-0.7026043621804282,-0.7770127935134995,-0.8290609844443451,1
-0.5768495955992786,-0.5732684261202322,-0.5869034239615484,-0.6047900912442105,-0.6339432190680386,-0.6440377794197101,-0.6701889094700274,-0.7618009666828319,-0.8191025092228222,-0.7985754708481962,0
-0.5731150000722065,-0.5854489208947554,-0.5951575708266236,-0.6199051195112395,-0.6300389590907993,-0.6515056936672458,-0.7250836311453773,-0.8023029177320324,-0.7894307891178581,-0.8044632740334143,1
-0.5850763627932196,-0.5935315037143399,-0.6096782197337486,-0.6161809089626186,-0.6371691631704444,-0.7035608009443156,-0.7626422605438629,-0.7737505140157336,-0.7951614207371653,-0.8021730155542124,0
-0.59301353666155,-0.6077503381141175,-0.6061004590523017,-0.6229822954998978,-0.6868702612241349,-0.7391765837163013,-0.7361647916359155,-0.7792649670695176,-0.7929322994088146,-0.8126613963560462,1
-0.6069765684491824,-0.6042469418832116,-0.61263438967054,-0.6703913703895468,-0.7208754454299342,-0.7140687510802285,-0.7412785032773824,-0.777119935643145,-0.8031406988351443,-0.7618845269784726,0
-0.6035361997409305,-0.6106450634847043,-0.6581791626820362,-0.7028283665079723,-0.6969030262565556,-0.718917938760874,-0.7392893536610252,-0.7869432401461096,-0.753719289180166,-0.7778661846873552,0
-0.6098192165333742,-0.6552431795446665,-0.6893406149741801,-0.6799614629508512,-0.701532926471989,-0.7170316846091179,-0.748398787743525,-0.7393861711354236,-0.7692743256028166,-0.7827375811898328,1
-0.6536149943520901,-0.6857569349995727,-0.6673729234634511,-0.6843778500054785,-0.6997319715329929,-0.7256699025274511,-0.7042977436214587,-0.7543544196289429,-0.774015682939177,-0.7660772045447779,0
