crypto,end_date,normalize,normalize_by_row,predictor_cls,predictor_params.daily_allowance,predictor_params.lookahead_days,predictor_params.prob_buy,predictor_params.prob_sell,predictor_params.starting_investment,price_column,save_data,save_roi,start_date,window_size,cv_folds,dev_size,save_results,shuffle_data,training_size,mlp_training,mlp_eval,svc_training,svc_eval
ETH,2019-05-04,True,True,BiffPredictor,5,1,1,1,100,Close,True,False,2016-01-01,10,4,0.5,True,True,0.7,0.56694214876,0.514049586777,0.55041322314,0.520661157025
ETH,2019-05-04,True,True,BiffPredictor,5,1,1,1,100,Close,True,False,2016-01-01,10,4,0.5,True,False,0.7,0.563636363636,0.494214876033,0.547107438017,0.504132231405
ETH,2019-05-04,True,True,BiffPredictor,5,1,1,1,100,Close,True,False,2017-01-01,10,4,0.5,True,True,0.7,0.535545023697,0.495260663507,0.502369668246,0.502369668246
ETH,2019-05-04,True,True,BiffPredictor,5,1,1,1,100,Close,True,False,2017-01-01,10,4,0.5,True,False,0.7,0.561611374408,0.490521327014,0.530805687204,0.464454976303
ETH,2019-05-04,True,True,BiffPredictor,5,1,1,1,100,Close,True,False,2018-01-01,10,4,0.5,True,True,0.7,0.560669456067,0.525,0.548117154812,0.525
ETH,2019-05-04,True,True,BiffPredictor,5,1,1,1,100,Close,True,False,2018-01-01,10,4,0.5,True,False,0.7,0.560669456067,0.516666666667,0.55230125523,0.520833333333
ETH,2019-05-04,True,True,BiffPredictorSmart,5,1,1,1,100,Close,True,False,2016-01-01,10,4,0.5,True,True,0.7,0.543801652893,0.484297520661,0.543801652893,0.505785123967
ETH,2019-05-04,True,True,BiffPredictorSmart,5,1,1,1,100,Close,True,False,2016-01-01,10,4,0.5,True,False,0.7,0.55867768595,0.490909090909,0.553719008264,0.504132231405
ETH,2019-05-04,True,True,BiffPredictorSmart,5,1,1,1,100,Close,True,False,2017-01-01,10,4,0.5,True,True,0.7,0.556872037915,0.530805687204,0.54028436019,0.476303317536
ETH,2019-05-04,True,True,BiffPredictorSmart,5,1,1,1,100,Close,True,False,2017-01-01,10,4,0.5,True,False,0.7,0.54028436019,0.464454976303,0.53317535545,0.464454976303
ETH,2019-05-04,True,True,BiffPredictorSmart,5,1,1,1,100,Close,True,False,2018-01-01,10,4,0.5,True,True,0.7,0.577405857741,0.525,0.55230125523,0.458333333333
ETH,2019-05-04,True,True,BiffPredictorSmart,5,1,1,1,100,Close,True,False,2018-01-01,10,4,0.5,True,False,0.7,0.569037656904,0.470833333333,0.55230125523,0.520833333333
ETH,2019-05-04,True,False,BiffPredictor,5,1,1,1,100,Close,True,False,2016-01-01,10,4,0.5,True,True,0.7,0.520661157025,0.514049586777,0.514049586777,0.479338842975
ETH,2019-05-04,True,False,BiffPredictor,5,1,1,1,100,Close,True,False,2016-01-01,10,4,0.5,True,False,0.7,0.517355371901,0.502479338843,0.504132231405,0.479338842975
ETH,2019-05-04,True,False,BiffPredictor,5,1,1,1,100,Close,True,False,2017-01-01,10,4,0.5,True,True,0.7,0.559241706161,0.483412322275,0.556872037915,0.473933649289
ETH,2019-05-04,True,False,BiffPredictor,5,1,1,1,100,Close,True,False,2017-01-01,10,4,0.5,True,False,0.7,0.552132701422,0.464454976303,0.53317535545,0.46682464455
ETH,2019-05-04,True,False,BiffPredictor,5,1,1,1,100,Close,True,False,2018-01-01,10,4,0.5,True,True,0.7,0.564853556485,0.5,0.523012552301,0.55
ETH,2019-05-04,True,False,BiffPredictor,5,1,1,1,100,Close,True,False,2018-01-01,10,4,0.5,True,False,0.7,0.560669456067,0.5375,0.560669456067,0.520833333333
ETH,2019-05-04,True,False,BiffPredictorSmart,5,1,1,1,100,Close,True,False,2016-01-01,10,4,0.5,True,True,0.7,0.530578512397,0.499173553719,0.519008264463,0.502479338843
ETH,2019-05-04,True,False,BiffPredictorSmart,5,1,1,1,100,Close,True,False,2016-01-01,10,4,0.5,True,False,0.7,0.520661157025,0.520661157025,0.509090909091,0.479338842975
ETH,2019-05-04,True,False,BiffPredictorSmart,5,1,1,1,100,Close,True,False,2017-01-01,10,4,0.5,True,True,0.7,0.542654028436,0.492890995261,0.516587677725,0.495260663507
ETH,2019-05-04,True,False,BiffPredictorSmart,5,1,1,1,100,Close,True,False,2017-01-01,10,4,0.5,True,False,0.7,0.549763033175,0.464454976303,0.535545023697,0.46682464455
ETH,2019-05-04,True,False,BiffPredictorSmart,5,1,1,1,100,Close,True,False,2018-01-01,10,4,0.5,True,True,0.7,0.539748953975,0.541666666667,0.52719665272,0.545833333333
ETH,2019-05-04,True,False,BiffPredictorSmart,5,1,1,1,100,Close,True,False,2018-01-01,10,4,0.5,True,False,0.7,0.581589958159,0.520833333333,0.560669456067,0.520833333333
ETH,2019-05-04,True,True,BiffPredictor,5,2,1,1,100,Close,True,False,2016-01-01,10,4,0.5,True,True,0.7,0.53642384106,0.487603305785,0.519867549669,0.520661157025
ETH,2019-05-04,True,True,BiffPredictor,5,2,1,1,100,Close,True,False,2016-01-01,10,4,0.5,True,False,0.7,0.543046357616,0.537190082645,0.528145695364,0.537190082645
ETH,2019-05-04,True,True,BiffPredictor,5,2,1,1,100,Close,True,False,2017-01-01,10,4,0.5,True,True,0.7,0.548693586698,0.478672985782,0.543942992874,0.518957345972
ETH,2019-05-04,True,True,BiffPredictor,5,2,1,1,100,Close,True,False,2017-01-01,10,4,0.5,True,False,0.7,0.565320665083,0.443127962085,0.565320665083,0.443127962085
ETH,2019-05-04,True,True,BiffPredictor,5,2,1,1,100,Close,True,False,2018-01-01,10,4,0.5,True,True,0.7,0.573221757322,0.485355648536,0.573221757322,0.493723849372
ETH,2019-05-04,True,True,BiffPredictor,5,2,1,1,100,Close,True,False,2018-01-01,10,4,0.5,True,False,0.7,0.577405857741,0.539748953975,0.569037656904,0.535564853556
ETH,2019-05-04,True,True,BiffPredictorSmart,5,2,1,1,100,Close,True,False,2016-01-01,10,4,0.5,True,True,0.7,0.534768211921,0.467768595041,0.541390728477,0.523966942149
ETH,2019-05-04,True,True,BiffPredictorSmart,5,2,1,1,100,Close,True,False,2016-01-01,10,4,0.5,True,False,0.7,0.574503311258,0.504132231405,0.574503311258,0.492561983471
ETH,2019-05-04,True,True,BiffPredictorSmart,5,2,1,1,100,Close,True,False,2017-01-01,10,4,0.5,True,True,0.7,0.574821852732,0.504739336493,0.548693586698,0.481042654028
ETH,2019-05-04,True,True,BiffPredictorSmart,5,2,1,1,100,Close,True,False,2017-01-01,10,4,0.5,True,False,0.7,0.567695961995,0.530805687204,0.555819477435,0.462085308057
ETH,2019-05-04,True,True,BiffPredictorSmart,5,2,1,1,100,Close,True,False,2018-01-01,10,4,0.5,True,True,0.7,0.589958158996,0.493723849372,0.585774058577,0.493723849372
ETH,2019-05-04,True,True,BiffPredictorSmart,5,2,1,1,100,Close,True,False,2018-01-01,10,4,0.5,True,False,0.7,0.564853556485,0.502092050209,0.548117154812,0.52719665272
ETH,2019-05-04,True,False,BiffPredictor,5,2,1,1,100,Close,True,False,2016-01-01,10,4,0.5,True,True,0.7,0.554635761589,0.495867768595,0.548013245033,0.507438016529
ETH,2019-05-04,True,False,BiffPredictor,5,2,1,1,100,Close,True,False,2016-01-01,10,4,0.5,True,False,0.7,0.53642384106,0.489256198347,0.524834437086,0.476033057851
ETH,2019-05-04,True,False,BiffPredictor,5,2,1,1,100,Close,True,False,2017-01-01,10,4,0.5,True,True,0.7,0.558194774347,0.502369668246,0.553444180523,0.547393364929
ETH,2019-05-04,True,False,BiffPredictor,5,2,1,1,100,Close,True,False,2017-01-01,10,4,0.5,True,False,0.7,0.574821852732,0.443127962085,0.567695961995,0.443127962085
ETH,2019-05-04,True,False,BiffPredictor,5,2,1,1,100,Close,True,False,2018-01-01,10,4,0.5,True,True,0.7,0.610878661088,0.514644351464,0.627615062762,0.539748953975
ETH,2019-05-04,True,False,BiffPredictor,5,2,1,1,100,Close,True,False,2018-01-01,10,4,0.5,True,False,0.7,0.610878661088,0.535564853556,0.577405857741,0.535564853556
ETH,2019-05-04,True,False,BiffPredictorSmart,5,2,1,1,100,Close,True,False,2016-01-01,10,4,0.5,True,True,0.7,0.572847682119,0.459504132231,0.53642384106,0.504132231405
ETH,2019-05-04,True,False,BiffPredictorSmart,5,2,1,1,100,Close,True,False,2016-01-01,10,4,0.5,True,False,0.7,0.543046357616,0.514049586777,0.533112582781,0.485950413223
ETH,2019-05-04,True,False,BiffPredictorSmart,5,2,1,1,100,Close,True,False,2017-01-01,10,4,0.5,True,True,0.7,0.536817102138,0.554502369668,0.515439429929,0.509478672986
ETH,2019-05-04,True,False,BiffPredictorSmart,5,2,1,1,100,Close,True,False,2017-01-01,10,4,0.5,True,False,0.7,0.560570071259,0.462085308057,0.572446555819,0.462085308057
ETH,2019-05-04,True,False,BiffPredictorSmart,5,2,1,1,100,Close,True,False,2018-01-01,10,4,0.5,True,True,0.7,0.560669456067,0.531380753138,0.55230125523,0.52719665272
ETH,2019-05-04,True,False,BiffPredictorSmart,5,2,1,1,100,Close,True,False,2018-01-01,10,4,0.5,True,False,0.7,0.585774058577,0.497907949791,0.548117154812,0.52719665272
ETH,2019-05-04,True,True,BiffPredictor,5,3,1,1,100,Close,True,False,2016-01-01,10,4,0.5,True,True,0.7,0.55298013245,0.546357615894,0.562913907285,0.511589403974
ETH,2019-05-04,True,True,BiffPredictor,5,3,1,1,100,Close,True,False,2016-01-01,10,4,0.5,True,False,0.7,0.551324503311,0.491721854305,0.554635761589,0.531456953642
ETH,2019-05-04,True,True,BiffPredictor,5,3,1,1,100,Close,True,False,2017-01-01,10,4,0.5,True,True,0.7,0.570071258907,0.508313539192,0.555819477435,0.503562945368
ETH,2019-05-04,True,True,BiffPredictor,5,3,1,1,100,Close,True,False,2017-01-01,10,4,0.5,True,False,0.7,0.570071258907,0.465558194774,0.570071258907,0.465558194774
ETH,2019-05-04,True,True,BiffPredictor,5,3,1,1,100,Close,True,False,2018-01-01,10,4,0.5,True,True,0.7,0.579831932773,0.52719665272,0.558823529412,0.531380753138
ETH,2019-05-04,True,True,BiffPredictor,5,3,1,1,100,Close,True,False,2018-01-01,10,4,0.5,True,False,0.7,0.584033613445,0.531380753138,0.558823529412,0.518828451883
ETH,2019-05-04,True,True,BiffPredictorSmart,5,3,1,1,100,Close,True,False,2016-01-01,10,4,0.5,True,True,0.7,0.554635761589,0.5,0.561258278146,0.488410596026
ETH,2019-05-04,True,True,BiffPredictorSmart,5,3,1,1,100,Close,True,False,2016-01-01,10,4,0.5,True,False,0.7,0.559602649007,0.473509933775,0.549668874172,0.506622516556
ETH,2019-05-04,True,True,BiffPredictorSmart,5,3,1,1,100,Close,True,False,2017-01-01,10,4,0.5,True,True,0.7,0.55106888361,0.524940617577,0.527315914489,0.489311163895
ETH,2019-05-04,True,True,BiffPredictorSmart,5,3,1,1,100,Close,True,False,2017-01-01,10,4,0.5,True,False,0.7,0.560570071259,0.444180522565,0.560570071259,0.444180522565
ETH,2019-05-04,True,True,BiffPredictorSmart,5,3,1,1,100,Close,True,False,2018-01-01,10,4,0.5,True,True,0.7,0.59243697479,0.548117154812,0.567226890756,0.514644351464
ETH,2019-05-04,True,True,BiffPredictorSmart,5,3,1,1,100,Close,True,False,2018-01-01,10,4,0.5,True,False,0.7,0.558823529412,0.55230125523,0.550420168067,0.55230125523
ETH,2019-05-04,True,False,BiffPredictor,5,3,1,1,100,Close,True,False,2016-01-01,10,4,0.5,True,True,0.7,0.55298013245,0.5,0.533112582781,0.509933774834
ETH,2019-05-04,True,False,BiffPredictor,5,3,1,1,100,Close,True,False,2016-01-01,10,4,0.5,True,False,0.7,0.562913907285,0.509933774834,0.544701986755,0.490066225166
ETH,2019-05-04,True,False,BiffPredictor,5,3,1,1,100,Close,True,False,2017-01-01,10,4,0.5,True,True,0.7,0.593824228029,0.503562945368,0.572446555819,0.532066508314
ETH,2019-05-04,True,False,BiffPredictor,5,3,1,1,100,Close,True,False,2017-01-01,10,4,0.5,True,False,0.7,0.586698337292,0.465558194774,0.581947743468,0.465558194774
ETH,2019-05-04,True,False,BiffPredictor,5,3,1,1,100,Close,True,False,2018-01-01,10,4,0.5,True,True,0.7,0.579831932773,0.443514644351,0.59243697479,0.489539748954
ETH,2019-05-04,True,False,BiffPredictor,5,3,1,1,100,Close,True,False,2018-01-01,10,4,0.5,True,False,0.7,0.609243697479,0.518828451883,0.558823529412,0.518828451883
ETH,2019-05-04,True,False,BiffPredictorSmart,5,3,1,1,100,Close,True,False,2016-01-01,10,4,0.5,True,True,0.7,0.564569536424,0.5,0.543046357616,0.509933774834
ETH,2019-05-04,True,False,BiffPredictorSmart,5,3,1,1,100,Close,True,False,2016-01-01,10,4,0.5,True,False,0.7,0.57119205298,0.473509933775,0.548013245033,0.473509933775
ETH,2019-05-04,True,False,BiffPredictorSmart,5,3,1,1,100,Close,True,False,2017-01-01,10,4,0.5,True,True,0.7,0.58432304038,0.541567695962,0.586698337292,0.513064133017
ETH,2019-05-04,True,False,BiffPredictorSmart,5,3,1,1,100,Close,True,False,2017-01-01,10,4,0.5,True,False,0.7,0.567695961995,0.444180522565,0.574821852732,0.444180522565
ETH,2019-05-04,True,False,BiffPredictorSmart,5,3,1,1,100,Close,True,False,2018-01-01,10,4,0.5,True,True,0.7,0.588235294118,0.52719665272,0.600840336134,0.52719665272
ETH,2019-05-04,True,False,BiffPredictorSmart,5,3,1,1,100,Close,True,False,2018-01-01,10,4,0.5,True,False,0.7,0.600840336134,0.55230125523,0.563025210084,0.55230125523
ETH,2019-05-04,True,True,BiffPredictor,5,4,1,1,100,Close,True,False,2016-01-01,10,4,0.5,True,True,0.7,0.55223880597,0.511589403974,0.535655058043,0.511589403974
ETH,2019-05-04,True,True,BiffPredictor,5,4,1,1,100,Close,True,False,2016-01-01,10,4,0.5,True,False,0.7,0.577114427861,0.495033112583,0.580431177446,0.514900662252
ETH,2019-05-04,True,True,BiffPredictor,5,4,1,1,100,Close,True,False,2017-01-01,10,4,0.5,True,True,0.7,0.542857142857,0.560570071259,0.514285714286,0.503562945368
ETH,2019-05-04,True,True,BiffPredictor,5,4,1,1,100,Close,True,False,2017-01-01,10,4,0.5,True,False,0.7,0.57619047619,0.467933491686,0.57619047619,0.467933491686
ETH,2019-05-04,True,True,BiffPredictor,5,4,1,1,100,Close,True,False,2018-01-01,10,4,0.5,True,True,0.7,0.554621848739,0.508403361345,0.529411764706,0.474789915966
ETH,2019-05-04,True,True,BiffPredictor,5,4,1,1,100,Close,True,False,2018-01-01,10,4,0.5,True,False,0.7,0.546218487395,0.516806722689,0.546218487395,0.516806722689
ETH,2019-05-04,True,True,BiffPredictorSmart,5,4,1,1,100,Close,True,False,2016-01-01,10,4,0.5,True,True,0.7,0.545605306799,0.508278145695,0.514096185738,0.514900662252
ETH,2019-05-04,True,True,BiffPredictorSmart,5,4,1,1,100,Close,True,False,2016-01-01,10,4,0.5,True,False,0.7,0.567164179104,0.48178807947,0.555555555556,0.495033112583
ETH,2019-05-04,True,True,BiffPredictorSmart,5,4,1,1,100,Close,True,False,2017-01-01,10,4,0.5,True,True,0.7,0.545238095238,0.491686460808,0.557142857143,0.484560570071
ETH,2019-05-04,True,True,BiffPredictorSmart,5,4,1,1,100,Close,True,False,2017-01-01,10,4,0.5,True,False,0.7,0.566666666667,0.458432304038,0.566666666667,0.458432304038
ETH,2019-05-04,True,True,BiffPredictorSmart,5,4,1,1,100,Close,True,False,2018-01-01,10,4,0.5,True,True,0.7,0.563025210084,0.53781512605,0.533613445378,0.529411764706
ETH,2019-05-04,True,True,BiffPredictorSmart,5,4,1,1,100,Close,True,False,2018-01-01,10,4,0.5,True,False,0.7,0.550420168067,0.529411764706,0.546218487395,0.529411764706
ETH,2019-05-04,True,False,BiffPredictor,5,4,1,1,100,Close,True,False,2016-01-01,10,4,0.5,True,True,0.7,0.532338308458,0.523178807947,0.530679933665,0.551324503311
ETH,2019-05-04,True,False,BiffPredictor,5,4,1,1,100,Close,True,False,2016-01-01,10,4,0.5,True,False,0.7,0.568822553897,0.516556291391,0.558872305141,0.491721854305
ETH,2019-05-04,True,False,BiffPredictor,5,4,1,1,100,Close,True,False,2017-01-01,10,4,0.5,True,True,0.7,0.564285714286,0.522565320665,0.545238095238,0.517814726841
ETH,2019-05-04,True,False,BiffPredictor,5,4,1,1,100,Close,True,False,2017-01-01,10,4,0.5,True,False,0.7,0.585714285714,0.467933491686,0.57619047619,0.467933491686
ETH,2019-05-04,True,False,BiffPredictor,5,4,1,1,100,Close,True,False,2018-01-01,10,4,0.5,True,True,0.7,0.575630252101,0.516806722689,0.554621848739,0.546218487395
ETH,2019-05-04,True,False,BiffPredictor,5,4,1,1,100,Close,True,False,2018-01-01,10,4,0.5,True,False,0.7,0.600840336134,0.483193277311,0.558823529412,0.516806722689
ETH,2019-05-04,True,False,BiffPredictorSmart,5,4,1,1,100,Close,True,False,2016-01-01,10,4,0.5,True,True,0.7,0.545605306799,0.524834437086,0.532338308458,0.51821192053
ETH,2019-05-04,True,False,BiffPredictorSmart,5,4,1,1,100,Close,True,False,2016-01-01,10,4,0.5,True,False,0.7,0.563847429519,0.496688741722,0.545605306799,0.470198675497
ETH,2019-05-04,True,False,BiffPredictorSmart,5,4,1,1,100,Close,True,False,2017-01-01,10,4,0.5,True,True,0.7,0.619047619048,0.503562945368,0.585714285714,0.515439429929
ETH,2019-05-04,True,False,BiffPredictorSmart,5,4,1,1,100,Close,True,False,2017-01-01,10,4,0.5,True,False,0.7,0.569047619048,0.458432304038,0.569047619048,0.458432304038
ETH,2019-05-04,True,False,BiffPredictorSmart,5,4,1,1,100,Close,True,False,2018-01-01,10,4,0.5,True,True,0.7,0.579831932773,0.525210084034,0.571428571429,0.491596638655
ETH,2019-05-04,True,False,BiffPredictorSmart,5,4,1,1,100,Close,True,False,2018-01-01,10,4,0.5,True,False,0.7,0.579831932773,0.529411764706,0.558823529412,0.529411764706
ETH,2019-05-04,True,True,BiffPredictor,5,1,1,1,100,Close,True,False,2016-01-01,20,4,0.5,True,True,0.7,0.551666666667,0.526666666667,0.561666666667,0.545
ETH,2019-05-04,True,True,BiffPredictor,5,1,1,1,100,Close,True,False,2016-01-01,20,4,0.5,True,False,0.7,0.568333333333,0.548333333333,0.58,0.523333333333
ETH,2019-05-04,True,True,BiffPredictor,5,1,1,1,100,Close,True,False,2017-01-01,20,4,0.5,True,True,0.7,0.544364508393,0.489208633094,0.52278177458,0.529976019185
ETH,2019-05-04,True,True,BiffPredictor,5,1,1,1,100,Close,True,False,2017-01-01,20,4,0.5,True,False,0.7,0.575539568345,0.515587529976,0.580335731415,0.517985611511
ETH,2019-05-04,True,True,BiffPredictor,5,1,1,1,100,Close,True,False,2018-01-01,20,4,0.5,True,True,0.7,0.555555555556,0.523404255319,0.542735042735,0.468085106383
ETH,2019-05-04,True,True,BiffPredictor,5,1,1,1,100,Close,True,False,2018-01-01,20,4,0.5,True,False,0.7,0.564102564103,0.514893617021,0.559829059829,0.514893617021
ETH,2019-05-04,True,True,BiffPredictorSmart,5,1,1,1,100,Close,True,False,2016-01-01,20,4,0.5,True,True,0.7,0.573333333333,0.476666666667,0.565,0.521666666667
ETH,2019-05-04,True,True,BiffPredictorSmart,5,1,1,1,100,Close,True,False,2016-01-01,20,4,0.5,True,False,0.7,0.576666666667,0.523333333333,0.58,0.521666666667
ETH,2019-05-04,True,True,BiffPredictorSmart,5,1,1,1,100,Close,True,False,2017-01-01,20,4,0.5,True,True,0.7,0.534772182254,0.491606714628,0.515587529976,0.486810551559
ETH,2019-05-04,True,True,BiffPredictorSmart,5,1,1,1,100,Close,True,False,2017-01-01,20,4,0.5,True,False,0.7,0.58273381295,0.525179856115,0.580335731415,0.515587529976
ETH,2019-05-04,True,True,BiffPredictorSmart,5,1,1,1,100,Close,True,False,2018-01-01,20,4,0.5,True,True,0.7,0.594017094017,0.510638297872,0.589743589744,0.476595744681
ETH,2019-05-04,True,True,BiffPredictorSmart,5,1,1,1,100,Close,True,False,2018-01-01,20,4,0.5,True,False,0.7,0.568376068376,0.514893617021,0.559829059829,0.514893617021
ETH,2019-05-04,True,False,BiffPredictor,5,1,1,1,100,Close,True,False,2016-01-01,20,4,0.5,True,True,0.7,0.546666666667,0.515,0.511666666667,0.476666666667
ETH,2019-05-04,True,False,BiffPredictor,5,1,1,1,100,Close,True,False,2016-01-01,20,4,0.5,True,False,0.7,0.518333333333,0.503333333333,0.516666666667,0.485
ETH,2019-05-04,True,False,BiffPredictor,5,1,1,1,100,Close,True,False,2017-01-01,20,4,0.5,True,True,0.7,0.561151079137,0.47242206235,0.551558752998,0.482014388489
ETH,2019-05-04,True,False,BiffPredictor,5,1,1,1,100,Close,True,False,2017-01-01,20,4,0.5,True,False,0.7,0.546762589928,0.460431654676,0.541966426859,0.470023980815
ETH,2019-05-04,True,False,BiffPredictor,5,1,1,1,100,Close,True,False,2018-01-01,20,4,0.5,True,True,0.7,0.542735042735,0.510638297872,0.512820512821,0.451063829787
ETH,2019-05-04,True,False,BiffPredictor,5,1,1,1,100,Close,True,False,2018-01-01,20,4,0.5,True,False,0.7,0.581196581197,0.514893617021,0.559829059829,0.514893617021
ETH,2019-05-04,True,False,BiffPredictorSmart,5,1,1,1,100,Close,True,False,2016-01-01,20,4,0.5,True,True,0.7,0.53,0.516666666667,0.525,0.48
ETH,2019-05-04,True,False,BiffPredictorSmart,5,1,1,1,100,Close,True,False,2016-01-01,20,4,0.5,True,False,0.7,0.528333333333,0.556666666667,0.518333333333,0.511666666667
ETH,2019-05-04,True,False,BiffPredictorSmart,5,1,1,1,100,Close,True,False,2017-01-01,20,4,0.5,True,True,0.7,0.565947242206,0.496402877698,0.546762589928,0.491606714628
ETH,2019-05-04,True,False,BiffPredictorSmart,5,1,1,1,100,Close,True,False,2017-01-01,20,4,0.5,True,False,0.7,0.553956834532,0.465227817746,0.546762589928,0.465227817746
ETH,2019-05-04,True,False,BiffPredictorSmart,5,1,1,1,100,Close,True,False,2018-01-01,20,4,0.5,True,True,0.7,0.568376068376,0.540425531915,0.538461538462,0.472340425532
ETH,2019-05-04,True,False,BiffPredictorSmart,5,1,1,1,100,Close,True,False,2018-01-01,20,4,0.5,True,False,0.7,0.57264957265,0.506382978723,0.559829059829,0.514893617021
ETH,2019-05-04,True,True,BiffPredictor,5,2,1,1,100,Close,True,False,2016-01-01,20,4,0.5,True,True,0.7,0.55592654424,0.558333333333,0.552587646077,0.546666666667
ETH,2019-05-04,True,True,BiffPredictor,5,2,1,1,100,Close,True,False,2016-01-01,20,4,0.5,True,False,0.7,0.559265442404,0.538333333333,0.535893155259,0.506666666667
ETH,2019-05-04,True,True,BiffPredictor,5,2,1,1,100,Close,True,False,2017-01-01,20,4,0.5,True,True,0.7,0.591346153846,0.513189448441,0.574519230769,0.561151079137
ETH,2019-05-04,True,True,BiffPredictor,5,2,1,1,100,Close,True,False,2017-01-01,20,4,0.5,True,False,0.7,0.584134615385,0.448441247002,0.579326923077,0.525179856115
ETH,2019-05-04,True,True,BiffPredictor,5,2,1,1,100,Close,True,False,2018-01-01,20,4,0.5,True,True,0.7,0.564102564103,0.547008547009,0.547008547009,0.564102564103
ETH,2019-05-04,True,True,BiffPredictor,5,2,1,1,100,Close,True,False,2018-01-01,20,4,0.5,True,False,0.7,0.589743589744,0.521367521368,0.58547008547,0.525641025641
ETH,2019-05-04,True,True,BiffPredictorSmart,5,2,1,1,100,Close,True,False,2016-01-01,20,4,0.5,True,True,0.7,0.57429048414,0.521666666667,0.547579298831,0.531666666667
ETH,2019-05-04,True,True,BiffPredictorSmart,5,2,1,1,100,Close,True,False,2016-01-01,20,4,0.5,True,False,0.7,0.567612687813,0.523333333333,0.579298831386,0.49
ETH,2019-05-04,True,True,BiffPredictorSmart,5,2,1,1,100,Close,True,False,2017-01-01,20,4,0.5,True,True,0.7,0.567307692308,0.453237410072,0.540865384615,0.501199040767
ETH,2019-05-04,True,True,BiffPredictorSmart,5,2,1,1,100,Close,True,False,2017-01-01,20,4,0.5,True,False,0.7,0.586538461538,0.474820143885,0.552884615385,0.529976019185
ETH,2019-05-04,True,True,BiffPredictorSmart,5,2,1,1,100,Close,True,False,2018-01-01,20,4,0.5,True,True,0.7,0.551282051282,0.542735042735,0.547008547009,0.581196581197
ETH,2019-05-04,True,True,BiffPredictorSmart,5,2,1,1,100,Close,True,False,2018-01-01,20,4,0.5,True,False,0.7,0.57264957265,0.542735042735,0.559829059829,0.517094017094
ETH,2019-05-04,True,False,BiffPredictor,5,2,1,1,100,Close,True,False,2016-01-01,20,4,0.5,True,True,0.7,0.54590984975,0.513333333333,0.542570951586,0.5
ETH,2019-05-04,True,False,BiffPredictor,5,2,1,1,100,Close,True,False,2016-01-01,20,4,0.5,True,False,0.7,0.54590984975,0.56,0.520868113523,0.473333333333
ETH,2019-05-04,True,False,BiffPredictor,5,2,1,1,100,Close,True,False,2017-01-01,20,4,0.5,True,True,0.7,0.555288461538,0.544364508393,0.550480769231,0.513189448441
ETH,2019-05-04,True,False,BiffPredictor,5,2,1,1,100,Close,True,False,2017-01-01,20,4,0.5,True,False,0.7,0.574519230769,0.446043165468,0.579326923077,0.479616306954
ETH,2019-05-04,True,False,BiffPredictor,5,2,1,1,100,Close,True,False,2018-01-01,20,4,0.5,True,True,0.7,0.58547008547,0.555555555556,0.576923076923,0.606837606838
ETH,2019-05-04,True,False,BiffPredictor,5,2,1,1,100,Close,True,False,2018-01-01,20,4,0.5,True,False,0.7,0.594017094017,0.525641025641,0.598290598291,0.534188034188
ETH,2019-05-04,True,False,BiffPredictorSmart,5,2,1,1,100,Close,True,False,2016-01-01,20,4,0.5,True,True,0.7,0.544240400668,0.51,0.540901502504,0.506666666667
ETH,2019-05-04,True,False,BiffPredictorSmart,5,2,1,1,100,Close,True,False,2016-01-01,20,4,0.5,True,False,0.7,0.537562604341,0.485,0.524207011686,0.501666666667
ETH,2019-05-04,True,False,BiffPredictorSmart,5,2,1,1,100,Close,True,False,2017-01-01,20,4,0.5,True,True,0.7,0.564903846154,0.429256594724,0.550480769231,0.544364508393
ETH,2019-05-04,True,False,BiffPredictorSmart,5,2,1,1,100,Close,True,False,2017-01-01,20,4,0.5,True,False,0.7,0.576923076923,0.462829736211,0.572115384615,0.484412470024
ETH,2019-05-04,True,False,BiffPredictorSmart,5,2,1,1,100,Close,True,False,2018-01-01,20,4,0.5,True,True,0.7,0.559829059829,0.551282051282,0.555555555556,0.5
ETH,2019-05-04,True,False,BiffPredictorSmart,5,2,1,1,100,Close,True,False,2018-01-01,20,4,0.5,True,False,0.7,0.594017094017,0.517094017094,0.564102564103,0.517094017094
ETH,2019-05-04,True,True,BiffPredictor,5,3,1,1,100,Close,True,False,2016-01-01,20,4,0.5,True,True,0.7,0.572621035058,0.532554257095,0.562604340568,0.570951585977
ETH,2019-05-04,True,True,BiffPredictor,5,3,1,1,100,Close,True,False,2016-01-01,20,4,0.5,True,False,0.7,0.590984974958,0.540901502504,0.585976627713,0.507512520868
ETH,2019-05-04,True,True,BiffPredictor,5,3,1,1,100,Close,True,False,2017-01-01,20,4,0.5,True,True,0.7,0.603365384615,0.524038461538,0.584134615385,0.543269230769
ETH,2019-05-04,True,True,BiffPredictor,5,3,1,1,100,Close,True,False,2017-01-01,20,4,0.5,True,False,0.7,0.596153846154,0.492788461538,0.567307692308,0.521634615385
ETH,2019-05-04,True,True,BiffPredictor,5,3,1,1,100,Close,True,False,2018-01-01,20,4,0.5,True,True,0.7,0.545064377682,0.482905982906,0.587982832618,0.568376068376
ETH,2019-05-04,True,True,BiffPredictor,5,3,1,1,100,Close,True,False,2018-01-01,20,4,0.5,True,False,0.7,0.600858369099,0.508547008547,0.583690987124,0.525641025641
ETH,2019-05-04,True,True,BiffPredictorSmart,5,3,1,1,100,Close,True,False,2016-01-01,20,4,0.5,True,True,0.7,0.582637729549,0.514190317195,0.570951585977,0.542570951586
ETH,2019-05-04,True,True,BiffPredictorSmart,5,3,1,1,100,Close,True,False,2016-01-01,20,4,0.5,True,False,0.7,0.607679465776,0.494156928214,0.599332220367,0.507512520868
ETH,2019-05-04,True,True,BiffPredictorSmart,5,3,1,1,100,Close,True,False,2017-01-01,20,4,0.5,True,True,0.7,0.564903846154,0.560096153846,0.5625,0.538461538462
ETH,2019-05-04,True,True,BiffPredictorSmart,5,3,1,1,100,Close,True,False,2017-01-01,20,4,0.5,True,False,0.7,0.576923076923,0.516826923077,0.555288461538,0.444711538462
ETH,2019-05-04,True,True,BiffPredictorSmart,5,3,1,1,100,Close,True,False,2018-01-01,20,4,0.5,True,True,0.7,0.579399141631,0.542735042735,0.56652360515,0.542735042735
ETH,2019-05-04,True,True,BiffPredictorSmart,5,3,1,1,100,Close,True,False,2018-01-01,20,4,0.5,True,False,0.7,0.570815450644,0.508547008547,0.56652360515,0.542735042735
ETH,2019-05-04,True,False,BiffPredictor,5,3,1,1,100,Close,True,False,2016-01-01,20,4,0.5,True,True,0.7,0.590984974958,0.525876460768,0.589315525876,0.570951585977
ETH,2019-05-04,True,False,BiffPredictor,5,3,1,1,100,Close,True,False,2016-01-01,20,4,0.5,True,False,0.7,0.567612687813,0.497495826377,0.534223706177,0.520868113523
ETH,2019-05-04,True,False,BiffPredictor,5,3,1,1,100,Close,True,False,2017-01-01,20,4,0.5,True,True,0.7,0.608173076923,0.526442307692,0.59375,0.567307692308
ETH,2019-05-04,True,False,BiffPredictor,5,3,1,1,100,Close,True,False,2017-01-01,20,4,0.5,True,False,0.7,0.588942307692,0.466346153846,0.584134615385,0.466346153846
ETH,2019-05-04,True,False,BiffPredictor,5,3,1,1,100,Close,True,False,2018-01-01,20,4,0.5,True,True,0.7,0.587982832618,0.508547008547,0.596566523605,0.547008547009
ETH,2019-05-04,True,False,BiffPredictor,5,3,1,1,100,Close,True,False,2018-01-01,20,4,0.5,True,False,0.7,0.613733905579,0.508547008547,0.579399141631,0.508547008547
ETH,2019-05-04,True,False,BiffPredictorSmart,5,3,1,1,100,Close,True,False,2016-01-01,20,4,0.5,True,True,0.7,0.549248747913,0.517529215359,0.542570951586,0.579298831386
ETH,2019-05-04,True,False,BiffPredictorSmart,5,3,1,1,100,Close,True,False,2016-01-01,20,4,0.5,True,False,0.7,0.565943238731,0.477462437396,0.54590984975,0.539232053422
ETH,2019-05-04,True,False,BiffPredictorSmart,5,3,1,1,100,Close,True,False,2017-01-01,20,4,0.5,True,True,0.7,0.598557692308,0.483173076923,0.610576923077,0.538461538462
ETH,2019-05-04,True,False,BiffPredictorSmart,5,3,1,1,100,Close,True,False,2017-01-01,20,4,0.5,True,False,0.7,0.560096153846,0.466346153846,0.567307692308,0.444711538462
ETH,2019-05-04,True,False,BiffPredictorSmart,5,3,1,1,100,Close,True,False,2018-01-01,20,4,0.5,True,True,0.7,0.575107296137,0.521367521368,0.570815450644,0.538461538462
ETH,2019-05-04,True,False,BiffPredictorSmart,5,3,1,1,100,Close,True,False,2018-01-01,20,4,0.5,True,False,0.7,0.579399141631,0.542735042735,0.570815450644,0.542735042735
ETH,2019-05-04,True,True,BiffPredictor,5,4,1,1,100,Close,True,False,2016-01-01,20,4,0.5,True,True,0.7,0.596989966555,0.552587646077,0.586956521739,0.57429048414
ETH,2019-05-04,True,True,BiffPredictor,5,4,1,1,100,Close,True,False,2016-01-01,20,4,0.5,True,False,0.7,0.642140468227,0.525876460768,0.638795986622,0.532554257095
ETH,2019-05-04,True,True,BiffPredictor,5,4,1,1,100,Close,True,False,2017-01-01,20,4,0.5,True,True,0.7,0.592771084337,0.538461538462,0.578313253012,0.572115384615
ETH,2019-05-04,True,True,BiffPredictor,5,4,1,1,100,Close,True,False,2017-01-01,20,4,0.5,True,False,0.7,0.580722891566,0.483173076923,0.563855421687,0.473557692308
ETH,2019-05-04,True,True,BiffPredictor,5,4,1,1,100,Close,True,False,2018-01-01,20,4,0.5,True,True,0.7,0.596566523605,0.540772532189,0.575107296137,0.540772532189
ETH,2019-05-04,True,True,BiffPredictor,5,4,1,1,100,Close,True,False,2018-01-01,20,4,0.5,True,False,0.7,0.562231759657,0.510729613734,0.587982832618,0.527896995708
ETH,2019-05-04,True,True,BiffPredictorSmart,5,4,1,1,100,Close,True,False,2016-01-01,20,4,0.5,True,True,0.7,0.578595317726,0.544240400668,0.571906354515,0.529215358932
ETH,2019-05-04,True,True,BiffPredictorSmart,5,4,1,1,100,Close,True,False,2016-01-01,20,4,0.5,True,False,0.7,0.61872909699,0.500834724541,0.628762541806,0.50918196995
ETH,2019-05-04,True,True,BiffPredictorSmart,5,4,1,1,100,Close,True,False,2017-01-01,20,4,0.5,True,True,0.7,0.571084337349,0.492788461538,0.568674698795,0.504807692308
ETH,2019-05-04,True,True,BiffPredictorSmart,5,4,1,1,100,Close,True,False,2017-01-01,20,4,0.5,True,False,0.7,0.578313253012,0.478365384615,0.556626506024,0.461538461538
ETH,2019-05-04,True,True,BiffPredictorSmart,5,4,1,1,100,Close,True,False,2018-01-01,20,4,0.5,True,True,0.7,0.600858369099,0.480686695279,0.592274678112,0.49356223176
ETH,2019-05-04,True,True,BiffPredictorSmart,5,4,1,1,100,Close,True,False,2018-01-01,20,4,0.5,True,False,0.7,0.583690987124,0.519313304721,0.56652360515,0.519313304721
ETH,2019-05-04,True,False,BiffPredictor,5,4,1,1,100,Close,True,False,2016-01-01,20,4,0.5,True,True,0.7,0.548494983278,0.539232053422,0.57525083612,0.57429048414
ETH,2019-05-04,True,False,BiffPredictor,5,4,1,1,100,Close,True,False,2016-01-01,20,4,0.5,True,False,0.7,0.576923076923,0.485809682805,0.563545150502,0.52754590985
ETH,2019-05-04,True,False,BiffPredictor,5,4,1,1,100,Close,True,False,2017-01-01,20,4,0.5,True,True,0.7,0.655421686747,0.475961538462,0.650602409639,0.576923076923
ETH,2019-05-04,True,False,BiffPredictor,5,4,1,1,100,Close,True,False,2017-01-01,20,4,0.5,True,False,0.7,0.566265060241,0.504807692308,0.58313253012,0.485576923077
ETH,2019-05-04,True,False,BiffPredictor,5,4,1,1,100,Close,True,False,2018-01-01,20,4,0.5,True,True,0.7,0.587982832618,0.472103004292,0.600858369099,0.592274678112
ETH,2019-05-04,True,False,BiffPredictor,5,4,1,1,100,Close,True,False,2018-01-01,20,4,0.5,True,False,0.7,0.587982832618,0.523605150215,0.549356223176,0.510729613734
ETH,2019-05-04,True,False,BiffPredictorSmart,5,4,1,1,100,Close,True,False,2016-01-01,20,4,0.5,True,True,0.7,0.555183946488,0.532554257095,0.553511705686,0.562604340568
ETH,2019-05-04,True,False,BiffPredictorSmart,5,4,1,1,100,Close,True,False,2016-01-01,20,4,0.5,True,False,0.7,0.553511705686,0.530884808013,0.536789297659,0.495826377295
ETH,2019-05-04,True,False,BiffPredictorSmart,5,4,1,1,100,Close,True,False,2017-01-01,20,4,0.5,True,True,0.7,0.568674698795,0.538461538462,0.621686746988,0.608173076923
ETH,2019-05-04,True,False,BiffPredictorSmart,5,4,1,1,100,Close,True,False,2017-01-01,20,4,0.5,True,False,0.7,0.573493975904,0.461538461538,0.573493975904,0.478365384615
ETH,2019-05-04,True,False,BiffPredictorSmart,5,4,1,1,100,Close,True,False,2018-01-01,20,4,0.5,True,True,0.7,0.639484978541,0.519313304721,0.695278969957,0.613733905579
ETH,2019-05-04,True,False,BiffPredictorSmart,5,4,1,1,100,Close,True,False,2018-01-01,20,4,0.5,True,False,0.7,0.592274678112,0.519313304721,0.56652360515,0.519313304721
ETH,2019-05-04,True,True,BiffPredictor,5,1,1,1,100,Close,True,False,2016-01-01,30,4,0.5,True,True,0.7,0.566386554622,0.529411764706,0.563025210084,0.515966386555
ETH,2019-05-04,True,True,BiffPredictor,5,1,1,1,100,Close,True,False,2016-01-01,30,4,0.5,True,False,0.7,0.564705882353,0.544537815126,0.559663865546,0.529411764706
ETH,2019-05-04,True,True,BiffPredictor,5,1,1,1,100,Close,True,False,2017-01-01,30,4,0.5,True,True,0.7,0.541262135922,0.553398058252,0.53640776699,0.516990291262
ETH,2019-05-04,True,True,BiffPredictor,5,1,1,1,100,Close,True,False,2017-01-01,30,4,0.5,True,False,0.7,0.606796116505,0.53640776699,0.582524271845,0.509708737864
ETH,2019-05-04,True,True,BiffPredictor,5,1,1,1,100,Close,True,False,2018-01-01,30,4,0.5,True,True,0.7,0.558951965066,0.495652173913,0.554585152838,0.54347826087
ETH,2019-05-04,True,True,BiffPredictor,5,1,1,1,100,Close,True,False,2018-01-01,30,4,0.5,True,False,0.7,0.550218340611,0.517391304348,0.550218340611,0.517391304348
ETH,2019-05-04,True,True,BiffPredictorSmart,5,1,1,1,100,Close,True,False,2016-01-01,30,4,0.5,True,True,0.7,0.557983193277,0.521008403361,0.554621848739,0.515966386555
ETH,2019-05-04,True,True,BiffPredictorSmart,5,1,1,1,100,Close,True,False,2016-01-01,30,4,0.5,True,False,0.7,0.561344537815,0.542857142857,0.573109243697,0.539495798319
ETH,2019-05-04,True,True,BiffPredictorSmart,5,1,1,1,100,Close,True,False,2017-01-01,30,4,0.5,True,True,0.7,0.572815533981,0.48786407767,0.56067961165,0.53640776699
ETH,2019-05-04,True,True,BiffPredictorSmart,5,1,1,1,100,Close,True,False,2017-01-01,30,4,0.5,True,False,0.7,0.621359223301,0.490291262136,0.582524271845,0.514563106796
ETH,2019-05-04,True,True,BiffPredictorSmart,5,1,1,1,100,Close,True,False,2018-01-01,30,4,0.5,True,True,0.7,0.56768558952,0.521739130435,0.563318777293,0.5
ETH,2019-05-04,True,True,BiffPredictorSmart,5,1,1,1,100,Close,True,False,2018-01-01,30,4,0.5,True,False,0.7,0.563318777293,0.504347826087,0.550218340611,0.517391304348
ETH,2019-05-04,True,False,BiffPredictor,5,1,1,1,100,Close,True,False,2016-01-01,30,4,0.5,True,True,0.7,0.536134453782,0.475630252101,0.517647058824,0.457142857143
ETH,2019-05-04,True,False,BiffPredictor,5,1,1,1,100,Close,True,False,2016-01-01,30,4,0.5,True,False,0.7,0.519327731092,0.50756302521,0.510924369748,0.526050420168
ETH,2019-05-04,True,False,BiffPredictor,5,1,1,1,100,Close,True,False,2017-01-01,30,4,0.5,True,True,0.7,0.519417475728,0.48786407767,0.502427184466,0.509708737864
ETH,2019-05-04,True,False,BiffPredictor,5,1,1,1,100,Close,True,False,2017-01-01,30,4,0.5,True,False,0.7,0.565533980583,0.529126213592,0.567961165049,0.473300970874
ETH,2019-05-04,True,False,BiffPredictor,5,1,1,1,100,Close,True,False,2018-01-01,30,4,0.5,True,True,0.7,0.580786026201,0.491304347826,0.519650655022,0.547826086957
ETH,2019-05-04,True,False,BiffPredictor,5,1,1,1,100,Close,True,False,2018-01-01,30,4,0.5,True,False,0.7,0.598253275109,0.517391304348,0.550218340611,0.517391304348
ETH,2019-05-04,True,False,BiffPredictorSmart,5,1,1,1,100,Close,True,False,2016-01-01,30,4,0.5,True,True,0.7,0.524369747899,0.500840336134,0.510924369748,0.504201680672
ETH,2019-05-04,True,False,BiffPredictorSmart,5,1,1,1,100,Close,True,False,2016-01-01,30,4,0.5,True,False,0.7,0.531092436975,0.510924369748,0.505882352941,0.515966386555
ETH,2019-05-04,True,False,BiffPredictorSmart,5,1,1,1,100,Close,True,False,2017-01-01,30,4,0.5,True,True,0.7,0.594660194175,0.473300970874,0.604368932039,0.470873786408
ETH,2019-05-04,True,False,BiffPredictorSmart,5,1,1,1,100,Close,True,False,2017-01-01,30,4,0.5,True,False,0.7,0.553398058252,0.485436893204,0.56067961165,0.466019417476
ETH,2019-05-04,True,False,BiffPredictorSmart,5,1,1,1,100,Close,True,False,2018-01-01,30,4,0.5,True,True,0.7,0.550218340611,0.552173913043,0.606986899563,0.465217391304
ETH,2019-05-04,True,False,BiffPredictorSmart,5,1,1,1,100,Close,True,False,2018-01-01,30,4,0.5,True,False,0.7,0.606986899563,0.517391304348,0.550218340611,0.517391304348
ETH,2019-05-04,True,True,BiffPredictor,5,2,1,1,100,Close,True,False,2016-01-01,30,4,0.5,True,True,0.7,0.560606060606,0.541176470588,0.569023569024,0.552941176471
ETH,2019-05-04,True,True,BiffPredictor,5,2,1,1,100,Close,True,False,2016-01-01,30,4,0.5,True,False,0.7,0.557239057239,0.544537815126,0.537037037037,0.514285714286
ETH,2019-05-04,True,True,BiffPredictor,5,2,1,1,100,Close,True,False,2017-01-01,30,4,0.5,True,True,0.7,0.579075425791,0.51213592233,0.591240875912,0.577669902913
ETH,2019-05-04,True,True,BiffPredictor,5,2,1,1,100,Close,True,False,2017-01-01,30,4,0.5,True,False,0.7,0.608272506083,0.483009708738,0.586374695864,0.529126213592
ETH,2019-05-04,True,True,BiffPredictor,5,2,1,1,100,Close,True,False,2018-01-01,30,4,0.5,True,True,0.7,0.61135371179,0.56768558952,0.61135371179,0.615720524017
ETH,2019-05-04,True,True,BiffPredictor,5,2,1,1,100,Close,True,False,2018-01-01,30,4,0.5,True,False,0.7,0.580786026201,0.545851528384,0.580786026201,0.532751091703
ETH,2019-05-04,True,True,BiffPredictorSmart,5,2,1,1,100,Close,True,False,2016-01-01,30,4,0.5,True,True,0.7,0.548821548822,0.532773109244,0.542087542088,0.557983193277
ETH,2019-05-04,True,True,BiffPredictorSmart,5,2,1,1,100,Close,True,False,2016-01-01,30,4,0.5,True,False,0.7,0.569023569024,0.536134453782,0.56734006734,0.505882352941
ETH,2019-05-04,True,True,BiffPredictorSmart,5,2,1,1,100,Close,True,False,2017-01-01,30,4,0.5,True,True,0.7,0.583941605839,0.53640776699,0.588807785888,0.543689320388
ETH,2019-05-04,True,True,BiffPredictorSmart,5,2,1,1,100,Close,True,False,2017-01-01,30,4,0.5,True,False,0.7,0.571776155718,0.468446601942,0.552311435523,0.53640776699
ETH,2019-05-04,True,True,BiffPredictorSmart,5,2,1,1,100,Close,True,False,2018-01-01,30,4,0.5,True,True,0.7,0.585152838428,0.53711790393,0.558951965066,0.510917030568
ETH,2019-05-04,True,True,BiffPredictorSmart,5,2,1,1,100,Close,True,False,2018-01-01,30,4,0.5,True,False,0.7,0.56768558952,0.528384279476,0.554585152838,0.524017467249
ETH,2019-05-04,True,False,BiffPredictor,5,2,1,1,100,Close,True,False,2016-01-01,30,4,0.5,True,True,0.7,0.558922558923,0.517647058824,0.574074074074,0.559663865546
ETH,2019-05-04,True,False,BiffPredictor,5,2,1,1,100,Close,True,False,2016-01-01,30,4,0.5,True,False,0.7,0.538720538721,0.494117647059,0.513468013468,0.47731092437
ETH,2019-05-04,True,False,BiffPredictor,5,2,1,1,100,Close,True,False,2017-01-01,30,4,0.5,True,True,0.7,0.620437956204,0.5,0.627737226277,0.565533980583
ETH,2019-05-04,True,False,BiffPredictor,5,2,1,1,100,Close,True,False,2017-01-01,30,4,0.5,True,False,0.7,0.576642335766,0.45145631068,0.579075425791,0.483009708738
ETH,2019-05-04,True,False,BiffPredictor,5,2,1,1,100,Close,True,False,2018-01-01,30,4,0.5,True,True,0.7,0.620087336245,0.506550218341,0.624454148472,0.589519650655
ETH,2019-05-04,True,False,BiffPredictor,5,2,1,1,100,Close,True,False,2018-01-01,30,4,0.5,True,False,0.7,0.646288209607,0.532751091703,0.593886462882,0.471615720524
ETH,2019-05-04,True,False,BiffPredictorSmart,5,2,1,1,100,Close,True,False,2016-01-01,30,4,0.5,True,True,0.7,0.550505050505,0.526050420168,0.558922558923,0.515966386555
ETH,2019-05-04,True,False,BiffPredictorSmart,5,2,1,1,100,Close,True,False,2016-01-01,30,4,0.5,True,False,0.7,0.542087542088,0.489075630252,0.520202020202,0.489075630252
ETH,2019-05-04,True,False,BiffPredictorSmart,5,2,1,1,100,Close,True,False,2017-01-01,30,4,0.5,True,True,0.7,0.559610705596,0.526699029126,0.598540145985,0.555825242718
ETH,2019-05-04,True,False,BiffPredictorSmart,5,2,1,1,100,Close,True,False,2017-01-01,30,4,0.5,True,False,0.7,0.574209245742,0.483009708738,0.569343065693,0.468446601942
ETH,2019-05-04,True,False,BiffPredictorSmart,5,2,1,1,100,Close,True,False,2018-01-01,30,4,0.5,True,True,0.7,0.576419213974,0.489082969432,0.554585152838,0.563318777293
ETH,2019-05-04,True,False,BiffPredictorSmart,5,2,1,1,100,Close,True,False,2018-01-01,30,4,0.5,True,False,0.7,0.602620087336,0.524017467249,0.554585152838,0.524017467249
ETH,2019-05-04,True,True,BiffPredictor,5,3,1,1,100,Close,True,False,2016-01-01,30,4,0.5,True,True,0.7,0.60101010101,0.547138047138,0.607744107744,0.555555555556
ETH,2019-05-04,True,True,BiffPredictor,5,3,1,1,100,Close,True,False,2016-01-01,30,4,0.5,True,False,0.7,0.60101010101,0.520202020202,0.579124579125,0.515151515152
ETH,2019-05-04,True,True,BiffPredictor,5,3,1,1,100,Close,True,False,2017-01-01,30,4,0.5,True,True,0.7,0.603406326034,0.520681265207,0.613138686131,0.583941605839
ETH,2019-05-04,True,True,BiffPredictor,5,3,1,1,100,Close,True,False,2017-01-01,30,4,0.5,True,False,0.7,0.588807785888,0.571776155718,0.588807785888,0.510948905109
ETH,2019-05-04,True,True,BiffPredictor,5,3,1,1,100,Close,True,False,2018-01-01,30,4,0.5,True,True,0.7,0.587719298246,0.554585152838,0.622807017544,0.606986899563
ETH,2019-05-04,True,True,BiffPredictor,5,3,1,1,100,Close,True,False,2018-01-01,30,4,0.5,True,False,0.7,0.592105263158,0.484716157205,0.570175438596,0.515283842795
ETH,2019-05-04,True,True,BiffPredictorSmart,5,3,1,1,100,Close,True,False,2016-01-01,30,4,0.5,True,True,0.7,0.574074074074,0.537037037037,0.569023569024,0.577441077441
ETH,2019-05-04,True,True,BiffPredictorSmart,5,3,1,1,100,Close,True,False,2016-01-01,30,4,0.5,True,False,0.7,0.602693602694,0.52861952862,0.579124579125,0.494949494949
ETH,2019-05-04,True,True,BiffPredictorSmart,5,3,1,1,100,Close,True,False,2017-01-01,30,4,0.5,True,True,0.7,0.540145985401,0.484184914842,0.532846715328,0.586374695864
ETH,2019-05-04,True,True,BiffPredictorSmart,5,3,1,1,100,Close,True,False,2017-01-01,30,4,0.5,True,False,0.7,0.554744525547,0.450121654501,0.554744525547,0.450121654501
ETH,2019-05-04,True,True,BiffPredictorSmart,5,3,1,1,100,Close,True,False,2018-01-01,30,4,0.5,True,True,0.7,0.561403508772,0.56768558952,0.548245614035,0.56768558952
ETH,2019-05-04,True,True,BiffPredictorSmart,5,3,1,1,100,Close,True,False,2018-01-01,30,4,0.5,True,False,0.7,0.565789473684,0.550218340611,0.565789473684,0.550218340611
ETH,2019-05-04,True,False,BiffPredictor,5,3,1,1,100,Close,True,False,2016-01-01,30,4,0.5,True,True,0.7,0.545454545455,0.530303030303,0.607744107744,0.590909090909
ETH,2019-05-04,True,False,BiffPredictor,5,3,1,1,100,Close,True,False,2016-01-01,30,4,0.5,True,False,0.7,0.545454545455,0.494949494949,0.525252525253,0.496632996633
ETH,2019-05-04,True,False,BiffPredictor,5,3,1,1,100,Close,True,False,2017-01-01,30,4,0.5,True,True,0.7,0.576642335766,0.559610705596,0.583941605839,0.67396593674
ETH,2019-05-04,True,False,BiffPredictor,5,3,1,1,100,Close,True,False,2017-01-01,30,4,0.5,True,False,0.7,0.598540145985,0.47201946472,0.591240875912,0.489051094891
ETH,2019-05-04,True,False,BiffPredictor,5,3,1,1,100,Close,True,False,2018-01-01,30,4,0.5,True,True,0.7,0.614035087719,0.554585152838,0.65350877193,0.672489082969
ETH,2019-05-04,True,False,BiffPredictor,5,3,1,1,100,Close,True,False,2018-01-01,30,4,0.5,True,False,0.7,0.622807017544,0.484716157205,0.587719298246,0.515283842795
ETH,2019-05-04,True,False,BiffPredictorSmart,5,3,1,1,100,Close,True,False,2016-01-01,30,4,0.5,True,True,0.7,0.548821548822,0.486531986532,0.53367003367,0.584175084175
ETH,2019-05-04,True,False,BiffPredictorSmart,5,3,1,1,100,Close,True,False,2016-01-01,30,4,0.5,True,False,0.7,0.56734006734,0.483164983165,0.531986531987,0.478114478114
ETH,2019-05-04,True,False,BiffPredictorSmart,5,3,1,1,100,Close,True,False,2017-01-01,30,4,0.5,True,True,0.7,0.61800486618,0.496350364964,0.642335766423,0.61800486618
ETH,2019-05-04,True,False,BiffPredictorSmart,5,3,1,1,100,Close,True,False,2017-01-01,30,4,0.5,True,False,0.7,0.574209245742,0.450121654501,0.581508515815,0.450121654501
ETH,2019-05-04,True,False,BiffPredictorSmart,5,3,1,1,100,Close,True,False,2018-01-01,30,4,0.5,True,True,0.7,0.609649122807,0.576419213974,0.609649122807,0.633187772926
ETH,2019-05-04,True,False,BiffPredictorSmart,5,3,1,1,100,Close,True,False,2018-01-01,30,4,0.5,True,False,0.7,0.622807017544,0.449781659389,0.583333333333,0.545851528384
ETH,2019-05-04,True,True,BiffPredictor,5,4,1,1,100,Close,True,False,2016-01-01,30,4,0.5,True,True,0.7,0.620573355818,0.537037037037,0.627318718381,0.616161616162
ETH,2019-05-04,True,True,BiffPredictor,5,4,1,1,100,Close,True,False,2016-01-01,30,4,0.5,True,False,0.7,0.615514333895,0.543771043771,0.605396290051,0.537037037037
ETH,2019-05-04,True,True,BiffPredictor,5,4,1,1,100,Close,True,False,2017-01-01,30,4,0.5,True,True,0.7,0.609756097561,0.530413625304,0.639024390244,0.622871046229
ETH,2019-05-04,True,True,BiffPredictor,5,4,1,1,100,Close,True,False,2017-01-01,30,4,0.5,True,False,0.7,0.573170731707,0.47201946472,0.560975609756,0.479318734793
ETH,2019-05-04,True,True,BiffPredictor,5,4,1,1,100,Close,True,False,2018-01-01,30,4,0.5,True,True,0.7,0.578947368421,0.561403508772,0.644736842105,0.684210526316
ETH,2019-05-04,True,True,BiffPredictor,5,4,1,1,100,Close,True,False,2018-01-01,30,4,0.5,True,False,0.7,0.583333333333,0.508771929825,0.55701754386,0.513157894737
ETH,2019-05-04,True,True,BiffPredictorSmart,5,4,1,1,100,Close,True,False,2016-01-01,30,4,0.5,True,True,0.7,0.56323777403,0.558922558923,0.575042158516,0.607744107744
ETH,2019-05-04,True,True,BiffPredictorSmart,5,4,1,1,100,Close,True,False,2016-01-01,30,4,0.5,True,False,0.7,0.598650927487,0.503367003367,0.586846543002,0.5
ETH,2019-05-04,True,True,BiffPredictorSmart,5,4,1,1,100,Close,True,False,2017-01-01,30,4,0.5,True,True,0.7,0.578048780488,0.513381995134,0.578048780488,0.552311435523
ETH,2019-05-04,True,True,BiffPredictorSmart,5,4,1,1,100,Close,True,False,2017-01-01,30,4,0.5,True,False,0.7,0.560975609756,0.508515815085,0.553658536585,0.467153284672
ETH,2019-05-04,True,True,BiffPredictorSmart,5,4,1,1,100,Close,True,False,2018-01-01,30,4,0.5,True,True,0.7,0.583333333333,0.552631578947,0.631578947368,0.671052631579
ETH,2019-05-04,True,True,BiffPredictorSmart,5,4,1,1,100,Close,True,False,2018-01-01,30,4,0.5,True,False,0.7,0.565789473684,0.583333333333,0.565789473684,0.548245614035
ETH,2019-05-04,True,False,BiffPredictor,5,4,1,1,100,Close,True,False,2016-01-01,30,4,0.5,True,True,0.7,0.573355817875,0.542087542088,0.602023608769,0.569023569024
ETH,2019-05-04,True,False,BiffPredictor,5,4,1,1,100,Close,True,False,2016-01-01,30,4,0.5,True,False,0.7,0.588532883642,0.540404040404,0.548060708263,0.574074074074
ETH,2019-05-04,True,False,BiffPredictor,5,4,1,1,100,Close,True,False,2017-01-01,30,4,0.5,True,True,0.7,0.621951219512,0.508515815085,0.614634146341,0.613138686131
ETH,2019-05-04,True,False,BiffPredictor,5,4,1,1,100,Close,True,False,2017-01-01,30,4,0.5,True,False,0.7,0.592682926829,0.535279805353,0.582926829268,0.486618004866
ETH,2019-05-04,True,False,BiffPredictor,5,4,1,1,100,Close,True,False,2018-01-01,30,4,0.5,True,True,0.7,0.697368421053,0.526315789474,0.671052631579,0.605263157895
ETH,2019-05-04,True,False,BiffPredictor,5,4,1,1,100,Close,True,False,2018-01-01,30,4,0.5,True,False,0.7,0.640350877193,0.5,0.59649122807,0.478070175439
ETH,2019-05-04,True,False,BiffPredictorSmart,5,4,1,1,100,Close,True,False,2016-01-01,30,4,0.5,True,True,0.7,0.568296795953,0.535353535354,0.600337268128,0.542087542088
ETH,2019-05-04,True,False,BiffPredictorSmart,5,4,1,1,100,Close,True,False,2016-01-01,30,4,0.5,True,False,0.7,0.564924114671,0.521885521886,0.527824620573,0.488215488215
ETH,2019-05-04,True,False,BiffPredictorSmart,5,4,1,1,100,Close,True,False,2017-01-01,30,4,0.5,True,True,0.7,0.565853658537,0.52798053528,0.570731707317,0.54501216545
ETH,2019-05-04,True,False,BiffPredictorSmart,5,4,1,1,100,Close,True,False,2017-01-01,30,4,0.5,True,False,0.7,0.575609756098,0.467153284672,0.575609756098,0.467153284672
ETH,2019-05-04,True,False,BiffPredictorSmart,5,4,1,1,100,Close,True,False,2018-01-01,30,4,0.5,True,True,0.7,0.65350877193,0.508771929825,0.644736842105,0.684210526316
ETH,2019-05-04,True,False,BiffPredictorSmart,5,4,1,1,100,Close,True,False,2018-01-01,30,4,0.5,True,False,0.7,0.614035087719,0.469298245614,0.561403508772,0.530701754386
ETH,2019-05-04,True,True,BiffPredictor,5,1,1,1,100,Close,True,False,2016-01-01,40,4,0.5,True,True,0.7,0.557627118644,0.513559322034,0.571186440678,0.494915254237
ETH,2019-05-04,True,True,BiffPredictor,5,1,1,1,100,Close,True,False,2016-01-01,40,4,0.5,True,False,0.7,0.545762711864,0.51186440678,0.516949152542,0.528813559322
ETH,2019-05-04,True,True,BiffPredictor,5,1,1,1,100,Close,True,False,2017-01-01,40,4,0.5,True,True,0.7,0.555282555283,0.496314496314,0.545454545455,0.501228501229
ETH,2019-05-04,True,True,BiffPredictor,5,1,1,1,100,Close,True,False,2017-01-01,40,4,0.5,True,False,0.7,0.594594594595,0.469287469287,0.572481572482,0.501228501229
ETH,2019-05-04,True,True,BiffPredictor,5,1,1,1,100,Close,True,False,2018-01-01,40,4,0.5,True,True,0.7,0.571428571429,0.497777777778,0.571428571429,0.497777777778
ETH,2019-05-04,True,True,BiffPredictor,5,1,1,1,100,Close,True,False,2018-01-01,40,4,0.5,True,False,0.7,0.575892857143,0.528888888889,0.549107142857,0.52
ETH,2019-05-04,True,True,BiffPredictorSmart,5,1,1,1,100,Close,True,False,2016-01-01,40,4,0.5,True,True,0.7,0.547457627119,0.525423728814,0.55593220339,0.525423728814
ETH,2019-05-04,True,True,BiffPredictorSmart,5,1,1,1,100,Close,True,False,2016-01-01,40,4,0.5,True,False,0.7,0.542372881356,0.532203389831,0.530508474576,0.523728813559
ETH,2019-05-04,True,True,BiffPredictorSmart,5,1,1,1,100,Close,True,False,2017-01-01,40,4,0.5,True,True,0.7,0.542997542998,0.486486486486,0.528255528256,0.535626535627
ETH,2019-05-04,True,True,BiffPredictorSmart,5,1,1,1,100,Close,True,False,2017-01-01,40,4,0.5,True,False,0.7,0.599508599509,0.469287469287,0.572481572482,0.501228501229
ETH,2019-05-04,True,True,BiffPredictorSmart,5,1,1,1,100,Close,True,False,2018-01-01,40,4,0.5,True,True,0.7,0.607142857143,0.488888888889,0.5625,0.506666666667
ETH,2019-05-04,True,True,BiffPredictorSmart,5,1,1,1,100,Close,True,False,2018-01-01,40,4,0.5,True,False,0.7,0.558035714286,0.56,0.549107142857,0.52
ETH,2019-05-04,True,False,BiffPredictor,5,1,1,1,100,Close,True,False,2016-01-01,40,4,0.5,True,True,0.7,0.522033898305,0.508474576271,0.540677966102,0.486440677966
ETH,2019-05-04,True,False,BiffPredictor,5,1,1,1,100,Close,True,False,2016-01-01,40,4,0.5,True,False,0.7,0.525423728814,0.525423728814,0.522033898305,0.503389830508
ETH,2019-05-04,True,False,BiffPredictor,5,1,1,1,100,Close,True,False,2017-01-01,40,4,0.5,True,True,0.7,0.552825552826,0.486486486486,0.55773955774,0.550368550369
ETH,2019-05-04,True,False,BiffPredictor,5,1,1,1,100,Close,True,False,2017-01-01,40,4,0.5,True,False,0.7,0.545454545455,0.474201474201,0.560196560197,0.4914004914
ETH,2019-05-04,True,False,BiffPredictor,5,1,1,1,100,Close,True,False,2018-01-01,40,4,0.5,True,True,0.7,0.558035714286,0.537777777778,0.540178571429,0.568888888889
ETH,2019-05-04,True,False,BiffPredictor,5,1,1,1,100,Close,True,False,2018-01-01,40,4,0.5,True,False,0.7,0.589285714286,0.52,0.5625,0.506666666667
ETH,2019-05-04,True,False,BiffPredictorSmart,5,1,1,1,100,Close,True,False,2016-01-01,40,4,0.5,True,True,0.7,0.55593220339,0.498305084746,0.513559322034,0.484745762712
ETH,2019-05-04,True,False,BiffPredictorSmart,5,1,1,1,100,Close,True,False,2016-01-01,40,4,0.5,True,False,0.7,0.533898305085,0.505084745763,0.515254237288,0.516949152542
ETH,2019-05-04,True,False,BiffPredictorSmart,5,1,1,1,100,Close,True,False,2017-01-01,40,4,0.5,True,True,0.7,0.550368550369,0.488943488943,0.560196560197,0.5085995086
ETH,2019-05-04,True,False,BiffPredictorSmart,5,1,1,1,100,Close,True,False,2017-01-01,40,4,0.5,True,False,0.7,0.547911547912,0.469287469287,0.560196560197,0.4914004914
ETH,2019-05-04,True,False,BiffPredictorSmart,5,1,1,1,100,Close,True,False,2018-01-01,40,4,0.5,True,True,0.7,0.580357142857,0.493333333333,0.59375,0.493333333333
ETH,2019-05-04,True,False,BiffPredictorSmart,5,1,1,1,100,Close,True,False,2018-01-01,40,4,0.5,True,False,0.7,0.558035714286,0.52,0.5625,0.506666666667
ETH,2019-05-04,True,True,BiffPredictor,5,2,1,1,100,Close,True,False,2016-01-01,40,4,0.5,True,True,0.7,0.560271646859,0.513559322034,0.58234295416,0.576271186441
ETH,2019-05-04,True,True,BiffPredictor,5,2,1,1,100,Close,True,False,2016-01-01,40,4,0.5,True,False,0.7,0.516129032258,0.476271186441,0.509337860781,0.476271186441
ETH,2019-05-04,True,True,BiffPredictor,5,2,1,1,100,Close,True,False,2017-01-01,40,4,0.5,True,True,0.7,0.588669950739,0.503685503686,0.625615763547,0.601965601966
ETH,2019-05-04,True,True,BiffPredictor,5,2,1,1,100,Close,True,False,2017-01-01,40,4,0.5,True,False,0.7,0.571428571429,0.447174447174,0.556650246305,0.5085995086
ETH,2019-05-04,True,True,BiffPredictor,5,2,1,1,100,Close,True,False,2018-01-01,40,4,0.5,True,True,0.7,0.59375,0.589285714286,0.611607142857,0.625
ETH,2019-05-04,True,True,BiffPredictor,5,2,1,1,100,Close,True,False,2018-01-01,40,4,0.5,True,False,0.7,0.575892857143,0.540178571429,0.571428571429,0.540178571429
ETH,2019-05-04,True,True,BiffPredictorSmart,5,2,1,1,100,Close,True,False,2016-01-01,40,4,0.5,True,True,0.7,0.575551782683,0.508474576271,0.568760611205,0.493220338983
ETH,2019-05-04,True,True,BiffPredictorSmart,5,2,1,1,100,Close,True,False,2016-01-01,40,4,0.5,True,False,0.7,0.551782682513,0.489830508475,0.516129032258,0.506779661017
ETH,2019-05-04,True,True,BiffPredictorSmart,5,2,1,1,100,Close,True,False,2017-01-01,40,4,0.5,True,True,0.7,0.583743842365,0.555282555283,0.576354679803,0.513513513514
ETH,2019-05-04,True,True,BiffPredictorSmart,5,2,1,1,100,Close,True,False,2017-01-01,40,4,0.5,True,False,0.7,0.56157635468,0.511056511057,0.554187192118,0.523341523342
ETH,2019-05-04,True,True,BiffPredictorSmart,5,2,1,1,100,Close,True,False,2018-01-01,40,4,0.5,True,True,0.7,0.544642857143,0.544642857143,0.53125,0.544642857143
ETH,2019-05-04,True,True,BiffPredictorSmart,5,2,1,1,100,Close,True,False,2018-01-01,40,4,0.5,True,False,0.7,0.549107142857,0.53125,0.544642857143,0.53125
ETH,2019-05-04,True,False,BiffPredictor,5,2,1,1,100,Close,True,False,2016-01-01,40,4,0.5,True,True,0.7,0.539898132428,0.532203389831,0.592529711375,0.533898305085
ETH,2019-05-04,True,False,BiffPredictor,5,2,1,1,100,Close,True,False,2016-01-01,40,4,0.5,True,False,0.7,0.538200339559,0.523728813559,0.509337860781,0.476271186441
ETH,2019-05-04,True,False,BiffPredictor,5,2,1,1,100,Close,True,False,2017-01-01,40,4,0.5,True,True,0.7,0.635467980296,0.5085995086,0.628078817734,0.601965601966
ETH,2019-05-04,True,False,BiffPredictor,5,2,1,1,100,Close,True,False,2017-01-01,40,4,0.5,True,False,0.7,0.57881773399,0.449631449631,0.576354679803,0.5085995086
ETH,2019-05-04,True,False,BiffPredictor,5,2,1,1,100,Close,True,False,2018-01-01,40,4,0.5,True,True,0.7,0.59375,0.5625,0.598214285714,0.571428571429
ETH,2019-05-04,True,False,BiffPredictor,5,2,1,1,100,Close,True,False,2018-01-01,40,4,0.5,True,False,0.7,0.580357142857,0.540178571429,0.584821428571,0.5
ETH,2019-05-04,True,False,BiffPredictorSmart,5,2,1,1,100,Close,True,False,2016-01-01,40,4,0.5,True,True,0.7,0.541595925297,0.459322033898,0.539898132428,0.530508474576
ETH,2019-05-04,True,False,BiffPredictorSmart,5,2,1,1,100,Close,True,False,2016-01-01,40,4,0.5,True,False,0.7,0.533106960951,0.505084745763,0.514431239389,0.489830508475
ETH,2019-05-04,True,False,BiffPredictorSmart,5,2,1,1,100,Close,True,False,2017-01-01,40,4,0.5,True,True,0.7,0.571428571429,0.513513513514,0.605911330049,0.55773955774
ETH,2019-05-04,True,False,BiffPredictorSmart,5,2,1,1,100,Close,True,False,2017-01-01,40,4,0.5,True,False,0.7,0.571428571429,0.469287469287,0.581280788177,0.518427518428
ETH,2019-05-04,True,False,BiffPredictorSmart,5,2,1,1,100,Close,True,False,2018-01-01,40,4,0.5,True,True,0.7,0.584821428571,0.495535714286,0.584821428571,0.553571428571
ETH,2019-05-04,True,False,BiffPredictorSmart,5,2,1,1,100,Close,True,False,2018-01-01,40,4,0.5,True,False,0.7,0.5625,0.5625,0.558035714286,0.46875
ETH,2019-05-04,True,True,BiffPredictor,5,3,1,1,100,Close,True,False,2016-01-01,40,4,0.5,True,True,0.7,0.592529711375,0.560271646859,0.602716468591,0.631578947368
ETH,2019-05-04,True,True,BiffPredictor,5,3,1,1,100,Close,True,False,2016-01-01,40,4,0.5,True,False,0.7,0.565365025467,0.492359932088,0.521222410866,0.495755517827
ETH,2019-05-04,True,True,BiffPredictor,5,3,1,1,100,Close,True,False,2017-01-01,40,4,0.5,True,True,0.7,0.613300492611,0.495073891626,0.650246305419,0.650246305419
ETH,2019-05-04,True,True,BiffPredictor,5,3,1,1,100,Close,True,False,2017-01-01,40,4,0.5,True,False,0.7,0.556650246305,0.472906403941,0.556650246305,0.472906403941
ETH,2019-05-04,True,True,BiffPredictor,5,3,1,1,100,Close,True,False,2018-01-01,40,4,0.5,True,True,0.7,0.654708520179,0.540178571429,0.641255605381,0.508928571429
ETH,2019-05-04,True,True,BiffPredictor,5,3,1,1,100,Close,True,False,2018-01-01,40,4,0.5,True,False,0.7,0.582959641256,0.607142857143,0.560538116592,0.517857142857
ETH,2019-05-04,True,True,BiffPredictorSmart,5,3,1,1,100,Close,True,False,2016-01-01,40,4,0.5,True,True,0.7,0.584040747029,0.524617996604,0.614601018676,0.599320882852
ETH,2019-05-04,True,True,BiffPredictorSmart,5,3,1,1,100,Close,True,False,2016-01-01,40,4,0.5,True,False,0.7,0.568760611205,0.478777589134,0.526315789474,0.477079796265
ETH,2019-05-04,True,True,BiffPredictorSmart,5,3,1,1,100,Close,True,False,2017-01-01,40,4,0.5,True,True,0.7,0.586206896552,0.51724137931,0.603448275862,0.610837438424
ETH,2019-05-04,True,True,BiffPredictorSmart,5,3,1,1,100,Close,True,False,2017-01-01,40,4,0.5,True,False,0.7,0.554187192118,0.453201970443,0.549261083744,0.453201970443
ETH,2019-05-04,True,True,BiffPredictorSmart,5,3,1,1,100,Close,True,False,2018-01-01,40,4,0.5,True,True,0.7,0.62331838565,0.5625,0.627802690583,0.464285714286
ETH,2019-05-04,True,True,BiffPredictorSmart,5,3,1,1,100,Close,True,False,2018-01-01,40,4,0.5,True,False,0.7,0.600896860987,0.553571428571,0.560538116592,0.553571428571
ETH,2019-05-04,True,False,BiffPredictor,5,3,1,1,100,Close,True,False,2016-01-01,40,4,0.5,True,True,0.7,0.560271646859,0.587436332767,0.602716468591,0.646859083192
ETH,2019-05-04,True,False,BiffPredictor,5,3,1,1,100,Close,True,False,2016-01-01,40,4,0.5,True,False,0.7,0.551782682513,0.495755517827,0.521222410866,0.495755517827
ETH,2019-05-04,True,False,BiffPredictor,5,3,1,1,100,Close,True,False,2017-01-01,40,4,0.5,True,True,0.7,0.645320197044,0.536945812808,0.647783251232,0.633004926108
ETH,2019-05-04,True,False,BiffPredictor,5,3,1,1,100,Close,True,False,2017-01-01,40,4,0.5,True,False,0.7,0.588669950739,0.472906403941,0.571428571429,0.539408866995
ETH,2019-05-04,True,False,BiffPredictor,5,3,1,1,100,Close,True,False,2018-01-01,40,4,0.5,True,True,0.7,0.663677130045,0.553571428571,0.686098654709,0.65625
ETH,2019-05-04,True,False,BiffPredictor,5,3,1,1,100,Close,True,False,2018-01-01,40,4,0.5,True,False,0.7,0.641255605381,0.482142857143,0.600896860987,0.473214285714
ETH,2019-05-04,True,False,BiffPredictorSmart,5,3,1,1,100,Close,True,False,2016-01-01,40,4,0.5,True,True,0.7,0.544991511036,0.548387096774,0.599320882852,0.590831918506
ETH,2019-05-04,True,False,BiffPredictorSmart,5,3,1,1,100,Close,True,False,2016-01-01,40,4,0.5,True,False,0.7,0.553480475382,0.570458404075,0.526315789474,0.477079796265
ETH,2019-05-04,True,False,BiffPredictorSmart,5,3,1,1,100,Close,True,False,2017-01-01,40,4,0.5,True,True,0.7,0.600985221675,0.549261083744,0.642857142857,0.633004926108
ETH,2019-05-04,True,False,BiffPredictorSmart,5,3,1,1,100,Close,True,False,2017-01-01,40,4,0.5,True,False,0.7,0.57881773399,0.453201970443,0.56157635468,0.467980295567
ETH,2019-05-04,True,False,BiffPredictorSmart,5,3,1,1,100,Close,True,False,2018-01-01,40,4,0.5,True,True,0.7,0.596412556054,0.526785714286,0.641255605381,0.598214285714
ETH,2019-05-04,True,False,BiffPredictorSmart,5,3,1,1,100,Close,True,False,2018-01-01,40,4,0.5,True,False,0.7,0.627802690583,0.553571428571,0.57399103139,0.46875
ETH,2019-05-04,True,True,BiffPredictor,5,4,1,1,100,Close,True,False,2016-01-01,40,4,0.5,True,True,0.7,0.574829931973,0.590831918506,0.663265306122,0.672325976231
ETH,2019-05-04,True,True,BiffPredictor,5,4,1,1,100,Close,True,False,2016-01-01,40,4,0.5,True,False,0.7,0.581632653061,0.51273344652,0.557823129252,0.543293718166
ETH,2019-05-04,True,True,BiffPredictor,5,4,1,1,100,Close,True,False,2017-01-01,40,4,0.5,True,True,0.7,0.585185185185,0.541871921182,0.661728395062,0.65763546798
ETH,2019-05-04,True,True,BiffPredictor,5,4,1,1,100,Close,True,False,2017-01-01,40,4,0.5,True,False,0.7,0.56049382716,0.480295566502,0.56049382716,0.480295566502
ETH,2019-05-04,True,True,BiffPredictor,5,4,1,1,100,Close,True,False,2018-01-01,40,4,0.5,True,True,0.7,0.659192825112,0.614349775785,0.690582959641,0.62331838565
ETH,2019-05-04,True,True,BiffPredictor,5,4,1,1,100,Close,True,False,2018-01-01,40,4,0.5,True,False,0.7,0.565022421525,0.520179372197,0.547085201794,0.520179372197
ETH,2019-05-04,True,True,BiffPredictorSmart,5,4,1,1,100,Close,True,False,2016-01-01,40,4,0.5,True,True,0.7,0.59693877551,0.543293718166,0.625850340136,0.638370118846
ETH,2019-05-04,True,True,BiffPredictorSmart,5,4,1,1,100,Close,True,False,2016-01-01,40,4,0.5,True,False,0.7,0.574829931973,0.485568760611,0.53231292517,0.495755517827
ETH,2019-05-04,True,True,BiffPredictorSmart,5,4,1,1,100,Close,True,False,2017-01-01,40,4,0.5,True,True,0.7,0.572839506173,0.490147783251,0.624691358025,0.647783251232
ETH,2019-05-04,True,True,BiffPredictorSmart,5,4,1,1,100,Close,True,False,2017-01-01,40,4,0.5,True,False,0.7,0.555555555556,0.467980295567,0.555555555556,0.467980295567
ETH,2019-05-04,True,True,BiffPredictorSmart,5,4,1,1,100,Close,True,False,2018-01-01,40,4,0.5,True,True,0.7,0.618834080717,0.565022421525,0.645739910314,0.668161434978
ETH,2019-05-04,True,True,BiffPredictorSmart,5,4,1,1,100,Close,True,False,2018-01-01,40,4,0.5,True,False,0.7,0.560538116592,0.533632286996,0.556053811659,0.533632286996
ETH,2019-05-04,True,False,BiffPredictor,5,4,1,1,100,Close,True,False,2016-01-01,40,4,0.5,True,True,0.7,0.56462585034,0.531409168081,0.603741496599,0.658743633277
ETH,2019-05-04,True,False,BiffPredictor,5,4,1,1,100,Close,True,False,2016-01-01,40,4,0.5,True,False,0.7,0.573129251701,0.48726655348,0.530612244898,0.499151103565
ETH,2019-05-04,True,False,BiffPredictor,5,4,1,1,100,Close,True,False,2017-01-01,40,4,0.5,True,True,0.7,0.654320987654,0.507389162562,0.686419753086,0.667487684729
ETH,2019-05-04,True,False,BiffPredictor,5,4,1,1,100,Close,True,False,2017-01-01,40,4,0.5,True,False,0.7,0.585185185185,0.480295566502,0.585185185185,0.480295566502
ETH,2019-05-04,True,False,BiffPredictor,5,4,1,1,100,Close,True,False,2018-01-01,40,4,0.5,True,True,0.7,0.636771300448,0.578475336323,0.713004484305,0.726457399103
ETH,2019-05-04,True,False,BiffPredictor,5,4,1,1,100,Close,True,False,2018-01-01,40,4,0.5,True,False,0.7,0.596412556054,0.479820627803,0.565022421525,0.470852017937
ETH,2019-05-04,True,False,BiffPredictorSmart,5,4,1,1,100,Close,True,False,2016-01-01,40,4,0.5,True,True,0.7,0.573129251701,0.544991511036,0.59693877551,0.616298811545
ETH,2019-05-04,True,False,BiffPredictorSmart,5,4,1,1,100,Close,True,False,2016-01-01,40,4,0.5,True,False,0.7,0.544217687075,0.48896434635,0.52380952381,0.485568760611
ETH,2019-05-04,True,False,BiffPredictorSmart,5,4,1,1,100,Close,True,False,2017-01-01,40,4,0.5,True,True,0.7,0.61975308642,0.539408866995,0.696296296296,0.672413793103
ETH,2019-05-04,True,False,BiffPredictorSmart,5,4,1,1,100,Close,True,False,2017-01-01,40,4,0.5,True,False,0.7,0.58024691358,0.458128078818,0.58024691358,0.487684729064
ETH,2019-05-04,True,False,BiffPredictorSmart,5,4,1,1,100,Close,True,False,2018-01-01,40,4,0.5,True,True,0.7,0.699551569507,0.547085201794,0.699551569507,0.677130044843
ETH,2019-05-04,True,False,BiffPredictorSmart,5,4,1,1,100,Close,True,False,2018-01-01,40,4,0.5,True,False,0.7,0.596412556054,0.466367713004,0.582959641256,0.479820627803
ETH,2019-05-04,True,True,BiffPredictor,5,1,1,1,100,Close,True,False,2016-01-01,50,4,0.5,True,True,0.7,0.536752136752,0.54358974359,0.51452991453,0.54358974359
ETH,2019-05-04,True,True,BiffPredictor,5,1,1,1,100,Close,True,False,2016-01-01,50,4,0.5,True,False,0.7,0.535042735043,0.499145299145,0.521367521368,0.521367521368
ETH,2019-05-04,True,True,BiffPredictor,5,1,1,1,100,Close,True,False,2017-01-01,50,4,0.5,True,True,0.7,0.554726368159,0.532338308458,0.549751243781,0.492537313433
ETH,2019-05-04,True,True,BiffPredictor,5,1,1,1,100,Close,True,False,2017-01-01,50,4,0.5,True,False,0.7,0.557213930348,0.475124378109,0.564676616915,0.5
ETH,2019-05-04,True,True,BiffPredictor,5,1,1,1,100,Close,True,False,2018-01-01,50,4,0.5,True,True,0.7,0.570776255708,0.536363636364,0.575342465753,0.436363636364
ETH,2019-05-04,True,True,BiffPredictor,5,1,1,1,100,Close,True,False,2018-01-01,50,4,0.5,True,False,0.7,0.561643835616,0.513636363636,0.561643835616,0.513636363636
ETH,2019-05-04,True,True,BiffPredictorSmart,5,1,1,1,100,Close,True,False,2016-01-01,50,4,0.5,True,True,0.7,0.538461538462,0.504273504274,0.533333333333,0.48547008547
ETH,2019-05-04,True,True,BiffPredictorSmart,5,1,1,1,100,Close,True,False,2016-01-01,50,4,0.5,True,False,0.7,0.519658119658,0.505982905983,0.512820512821,0.511111111111
ETH,2019-05-04,True,True,BiffPredictorSmart,5,1,1,1,100,Close,True,False,2017-01-01,50,4,0.5,True,True,0.7,0.554726368159,0.529850746269,0.522388059701,0.485074626866
ETH,2019-05-04,True,True,BiffPredictorSmart,5,1,1,1,100,Close,True,False,2017-01-01,50,4,0.5,True,False,0.7,0.55223880597,0.532338308458,0.564676616915,0.5
ETH,2019-05-04,True,True,BiffPredictorSmart,5,1,1,1,100,Close,True,False,2018-01-01,50,4,0.5,True,True,0.7,0.529680365297,0.445454545455,0.520547945205,0.554545454545
ETH,2019-05-04,True,True,BiffPredictorSmart,5,1,1,1,100,Close,True,False,2018-01-01,50,4,0.5,True,False,0.7,0.566210045662,0.513636363636,0.561643835616,0.513636363636
ETH,2019-05-04,True,False,BiffPredictor,5,1,1,1,100,Close,True,False,2016-01-01,50,4,0.5,True,True,0.7,0.523076923077,0.509401709402,0.517948717949,0.507692307692
ETH,2019-05-04,True,False,BiffPredictor,5,1,1,1,100,Close,True,False,2016-01-01,50,4,0.5,True,False,0.7,0.521367521368,0.519658119658,0.521367521368,0.494017094017
ETH,2019-05-04,True,False,BiffPredictor,5,1,1,1,100,Close,True,False,2017-01-01,50,4,0.5,True,True,0.7,0.559701492537,0.475124378109,0.544776119403,0.475124378109
ETH,2019-05-04,True,False,BiffPredictor,5,1,1,1,100,Close,True,False,2017-01-01,50,4,0.5,True,False,0.7,0.562189054726,0.539800995025,0.542288557214,0.475124378109
ETH,2019-05-04,True,False,BiffPredictor,5,1,1,1,100,Close,True,False,2018-01-01,50,4,0.5,True,True,0.7,0.570776255708,0.559090909091,0.552511415525,0.577272727273
ETH,2019-05-04,True,False,BiffPredictor,5,1,1,1,100,Close,True,False,2018-01-01,50,4,0.5,True,False,0.7,0.579908675799,0.509090909091,0.575342465753,0.513636363636
ETH,2019-05-04,True,False,BiffPredictorSmart,5,1,1,1,100,Close,True,False,2016-01-01,50,4,0.5,True,True,0.7,0.531623931624,0.45641025641,0.531623931624,0.463247863248
ETH,2019-05-04,True,False,BiffPredictorSmart,5,1,1,1,100,Close,True,False,2016-01-01,50,4,0.5,True,False,0.7,0.521367521368,0.478632478632,0.521367521368,0.494017094017
ETH,2019-05-04,True,False,BiffPredictorSmart,5,1,1,1,100,Close,True,False,2017-01-01,50,4,0.5,True,True,0.7,0.577114427861,0.514925373134,0.55223880597,0.502487562189
ETH,2019-05-04,True,False,BiffPredictorSmart,5,1,1,1,100,Close,True,False,2017-01-01,50,4,0.5,True,False,0.7,0.549751243781,0.524875621891,0.542288557214,0.475124378109
ETH,2019-05-04,True,False,BiffPredictorSmart,5,1,1,1,100,Close,True,False,2018-01-01,50,4,0.5,True,True,0.7,0.584474885845,0.504545454545,0.575342465753,0.5
ETH,2019-05-04,True,False,BiffPredictorSmart,5,1,1,1,100,Close,True,False,2018-01-01,50,4,0.5,True,False,0.7,0.598173515982,0.513636363636,0.575342465753,0.513636363636
ETH,2019-05-04,True,True,BiffPredictor,5,2,1,1,100,Close,True,False,2016-01-01,50,4,0.5,True,True,0.7,0.568493150685,0.528205128205,0.623287671233,0.62735042735
ETH,2019-05-04,True,True,BiffPredictor,5,2,1,1,100,Close,True,False,2016-01-01,50,4,0.5,True,False,0.7,0.513698630137,0.473504273504,0.513698630137,0.473504273504
ETH,2019-05-04,True,True,BiffPredictor,5,2,1,1,100,Close,True,False,2017-01-01,50,4,0.5,True,True,0.7,0.600997506234,0.485074626866,0.623441396509,0.636815920398
ETH,2019-05-04,True,True,BiffPredictor,5,2,1,1,100,Close,True,False,2017-01-01,50,4,0.5,True,False,0.7,0.5536159601,0.482587064677,0.558603491272,0.52736318408
ETH,2019-05-04,True,True,BiffPredictor,5,2,1,1,100,Close,True,False,2018-01-01,50,4,0.5,True,True,0.7,0.630136986301,0.584474885845,0.689497716895,0.598173515982
ETH,2019-05-04,True,True,BiffPredictor,5,2,1,1,100,Close,True,False,2018-01-01,50,4,0.5,True,False,0.7,0.602739726027,0.561643835616,0.584474885845,0.534246575342
ETH,2019-05-04,True,True,BiffPredictorSmart,5,2,1,1,100,Close,True,False,2016-01-01,50,4,0.5,True,True,0.7,0.568493150685,0.51452991453,0.561643835616,0.588034188034
ETH,2019-05-04,True,True,BiffPredictorSmart,5,2,1,1,100,Close,True,False,2016-01-01,50,4,0.5,True,False,0.7,0.553082191781,0.505982905983,0.518835616438,0.487179487179
ETH,2019-05-04,True,True,BiffPredictorSmart,5,2,1,1,100,Close,True,False,2017-01-01,50,4,0.5,True,True,0.7,0.593516209476,0.480099502488,0.628428927681,0.567164179104
ETH,2019-05-04,True,True,BiffPredictorSmart,5,2,1,1,100,Close,True,False,2017-01-01,50,4,0.5,True,False,0.7,0.558603491272,0.400497512438,0.551122194514,0.490049751244
ETH,2019-05-04,True,True,BiffPredictorSmart,5,2,1,1,100,Close,True,False,2018-01-01,50,4,0.5,True,True,0.7,0.602739726027,0.58904109589,0.593607305936,0.543378995434
ETH,2019-05-04,True,True,BiffPredictorSmart,5,2,1,1,100,Close,True,False,2018-01-01,50,4,0.5,True,False,0.7,0.575342465753,0.506849315068,0.557077625571,0.525114155251
ETH,2019-05-04,True,False,BiffPredictor,5,2,1,1,100,Close,True,False,2016-01-01,50,4,0.5,True,True,0.7,0.542808219178,0.504273504274,0.585616438356,0.588034188034
ETH,2019-05-04,True,False,BiffPredictor,5,2,1,1,100,Close,True,False,2016-01-01,50,4,0.5,True,False,0.7,0.532534246575,0.471794871795,0.513698630137,0.473504273504
ETH,2019-05-04,True,False,BiffPredictor,5,2,1,1,100,Close,True,False,2017-01-01,50,4,0.5,True,True,0.7,0.633416458853,0.47263681592,0.638403990025,0.589552238806
ETH,2019-05-04,True,False,BiffPredictor,5,2,1,1,100,Close,True,False,2017-01-01,50,4,0.5,True,False,0.7,0.576059850374,0.544776119403,0.581047381546,0.532338308458
ETH,2019-05-04,True,False,BiffPredictor,5,2,1,1,100,Close,True,False,2018-01-01,50,4,0.5,True,True,0.7,0.593607305936,0.51598173516,0.625570776256,0.493150684932
ETH,2019-05-04,True,False,BiffPredictor,5,2,1,1,100,Close,True,False,2018-01-01,50,4,0.5,True,False,0.7,0.611872146119,0.465753424658,0.593607305936,0.506849315068
ETH,2019-05-04,True,False,BiffPredictorSmart,5,2,1,1,100,Close,True,False,2016-01-01,50,4,0.5,True,True,0.7,0.561643835616,0.511111111111,0.549657534247,0.521367521368
ETH,2019-05-04,True,False,BiffPredictorSmart,5,2,1,1,100,Close,True,False,2016-01-01,50,4,0.5,True,False,0.7,0.542808219178,0.494017094017,0.518835616438,0.487179487179
ETH,2019-05-04,True,False,BiffPredictorSmart,5,2,1,1,100,Close,True,False,2017-01-01,50,4,0.5,True,True,0.7,0.610972568579,0.44776119403,0.57855361596,0.572139303483
ETH,2019-05-04,True,False,BiffPredictorSmart,5,2,1,1,100,Close,True,False,2017-01-01,50,4,0.5,True,False,0.7,0.56608478803,0.524875621891,0.573566084788,0.519900497512
ETH,2019-05-04,True,False,BiffPredictorSmart,5,2,1,1,100,Close,True,False,2018-01-01,50,4,0.5,True,True,0.7,0.593607305936,0.51598173516,0.593607305936,0.538812785388
ETH,2019-05-04,True,False,BiffPredictorSmart,5,2,1,1,100,Close,True,False,2018-01-01,50,4,0.5,True,False,0.7,0.58904109589,0.525114155251,0.58904109589,0.506849315068
ETH,2019-05-04,True,True,BiffPredictor,5,3,1,1,100,Close,True,False,2016-01-01,50,4,0.5,True,True,0.7,0.599315068493,0.546232876712,0.676369863014,0.667808219178
ETH,2019-05-04,True,True,BiffPredictor,5,3,1,1,100,Close,True,False,2016-01-01,50,4,0.5,True,False,0.7,0.553082191781,0.47602739726,0.525684931507,0.491438356164
ETH,2019-05-04,True,True,BiffPredictor,5,3,1,1,100,Close,True,False,2017-01-01,50,4,0.5,True,True,0.7,0.610972568579,0.543640897756,0.663341645885,0.665835411471
ETH,2019-05-04,True,True,BiffPredictor,5,3,1,1,100,Close,True,False,2017-01-01,50,4,0.5,True,False,0.7,0.5536159601,0.478802992519,0.5536159601,0.478802992519
ETH,2019-05-04,True,True,BiffPredictor,5,3,1,1,100,Close,True,False,2018-01-01,50,4,0.5,True,True,0.7,0.619266055046,0.51598173516,0.655963302752,0.716894977169
ETH,2019-05-04,True,True,BiffPredictor,5,3,1,1,100,Close,True,False,2018-01-01,50,4,0.5,True,False,0.7,0.600917431193,0.511415525114,0.600917431193,0.461187214612
ETH,2019-05-04,True,True,BiffPredictorSmart,5,3,1,1,100,Close,True,False,2016-01-01,50,4,0.5,True,True,0.7,0.597602739726,0.570205479452,0.623287671233,0.654109589041
ETH,2019-05-04,True,True,BiffPredictorSmart,5,3,1,1,100,Close,True,False,2016-01-01,50,4,0.5,True,False,0.7,0.561643835616,0.46404109589,0.541095890411,0.501712328767
ETH,2019-05-04,True,True,BiffPredictorSmart,5,3,1,1,100,Close,True,False,2017-01-01,50,4,0.5,True,True,0.7,0.605985037406,0.523690773067,0.628428927681,0.665835411471
ETH,2019-05-04,True,True,BiffPredictorSmart,5,3,1,1,100,Close,True,False,2017-01-01,50,4,0.5,True,False,0.7,0.548628428928,0.488778054863,0.543640897756,0.45885286783
ETH,2019-05-04,True,True,BiffPredictorSmart,5,3,1,1,100,Close,True,False,2018-01-01,50,4,0.5,True,True,0.7,0.623853211009,0.566210045662,0.660550458716,0.639269406393
ETH,2019-05-04,True,True,BiffPredictorSmart,5,3,1,1,100,Close,True,False,2018-01-01,50,4,0.5,True,False,0.7,0.596330275229,0.593607305936,0.573394495413,0.547945205479
ETH,2019-05-04,True,False,BiffPredictor,5,3,1,1,100,Close,True,False,2016-01-01,50,4,0.5,True,True,0.7,0.558219178082,0.527397260274,0.606164383562,0.573630136986
ETH,2019-05-04,True,False,BiffPredictor,5,3,1,1,100,Close,True,False,2016-01-01,50,4,0.5,True,False,0.7,0.554794520548,0.458904109589,0.525684931507,0.491438356164
ETH,2019-05-04,True,False,BiffPredictor,5,3,1,1,100,Close,True,False,2017-01-01,50,4,0.5,True,True,0.7,0.630922693267,0.511221945137,0.653366583541,0.663341645885
ETH,2019-05-04,True,False,BiffPredictor,5,3,1,1,100,Close,True,False,2017-01-01,50,4,0.5,True,False,0.7,0.561097256858,0.518703241895,0.5536159601,0.478802992519
ETH,2019-05-04,True,False,BiffPredictor,5,3,1,1,100,Close,True,False,2018-01-01,50,4,0.5,True,True,0.7,0.660550458716,0.543378995434,0.688073394495,0.680365296804
ETH,2019-05-04,True,False,BiffPredictor,5,3,1,1,100,Close,True,False,2018-01-01,50,4,0.5,True,False,0.7,0.623853211009,0.511415525114,0.596330275229,0.511415525114
ETH,2019-05-04,True,False,BiffPredictorSmart,5,3,1,1,100,Close,True,False,2016-01-01,50,4,0.5,True,True,0.7,0.563356164384,0.558219178082,0.571917808219,0.587328767123
ETH,2019-05-04,True,False,BiffPredictorSmart,5,3,1,1,100,Close,True,False,2016-01-01,50,4,0.5,True,False,0.7,0.559931506849,0.443493150685,0.530821917808,0.474315068493
ETH,2019-05-04,True,False,BiffPredictorSmart,5,3,1,1,100,Close,True,False,2017-01-01,50,4,0.5,True,True,0.7,0.633416458853,0.511221945137,0.650872817955,0.690773067332
ETH,2019-05-04,True,False,BiffPredictorSmart,5,3,1,1,100,Close,True,False,2017-01-01,50,4,0.5,True,False,0.7,0.556109725686,0.45885286783,0.568578553616,0.45885286783
ETH,2019-05-04,True,False,BiffPredictorSmart,5,3,1,1,100,Close,True,False,2018-01-01,50,4,0.5,True,True,0.7,0.660550458716,0.579908675799,0.633027522936,0.680365296804
ETH,2019-05-04,True,False,BiffPredictorSmart,5,3,1,1,100,Close,True,False,2018-01-01,50,4,0.5,True,False,0.7,0.605504587156,0.547945205479,0.605504587156,0.534246575342
ETH,2019-05-04,True,True,BiffPredictor,5,4,1,1,100,Close,True,False,2016-01-01,50,4,0.5,True,True,0.7,0.634648370497,0.63698630137,0.667238421955,0.72602739726
ETH,2019-05-04,True,True,BiffPredictor,5,4,1,1,100,Close,True,False,2016-01-01,50,4,0.5,True,False,0.7,0.554030874786,0.501712328767,0.562607204117,0.525684931507
ETH,2019-05-04,True,True,BiffPredictor,5,4,1,1,100,Close,True,False,2017-01-01,50,4,0.5,True,True,0.7,0.63,0.573566084788,0.73,0.728179551122
ETH,2019-05-04,True,True,BiffPredictor,5,4,1,1,100,Close,True,False,2017-01-01,50,4,0.5,True,False,0.7,0.555,0.486284289277,0.555,0.486284289277
ETH,2019-05-04,True,True,BiffPredictor,5,4,1,1,100,Close,True,False,2018-01-01,50,4,0.5,True,True,0.7,0.711009174312,0.490825688073,0.816513761468,0.733944954128
ETH,2019-05-04,True,True,BiffPredictor,5,4,1,1,100,Close,True,False,2018-01-01,50,4,0.5,True,False,0.7,0.587155963303,0.51376146789,0.591743119266,0.490825688073
ETH,2019-05-04,True,True,BiffPredictorSmart,5,4,1,1,100,Close,True,False,2016-01-01,50,4,0.5,True,True,0.7,0.598627787307,0.577054794521,0.653516295026,0.698630136986
ETH,2019-05-04,True,True,BiffPredictorSmart,5,4,1,1,100,Close,True,False,2016-01-01,50,4,0.5,True,False,0.7,0.567753001715,0.474315068493,0.536878216123,0.5
ETH,2019-05-04,True,True,BiffPredictorSmart,5,4,1,1,100,Close,True,False,2017-01-01,50,4,0.5,True,True,0.7,0.595,0.543640897756,0.6825,0.660847880299
ETH,2019-05-04,True,True,BiffPredictorSmart,5,4,1,1,100,Close,True,False,2017-01-01,50,4,0.5,True,False,0.7,0.5475,0.461346633416,0.5475,0.473815461347
ETH,2019-05-04,True,True,BiffPredictorSmart,5,4,1,1,100,Close,True,False,2018-01-01,50,4,0.5,True,True,0.7,0.674311926606,0.633027522936,0.674311926606,0.642201834862
ETH,2019-05-04,True,True,BiffPredictorSmart,5,4,1,1,100,Close,True,False,2018-01-01,50,4,0.5,True,False,0.7,0.605504587156,0.54128440367,0.600917431193,0.490825688073
ETH,2019-05-04,True,False,BiffPredictor,5,4,1,1,100,Close,True,False,2016-01-01,50,4,0.5,True,True,0.7,0.569468267581,0.60102739726,0.65180102916,0.630136986301
ETH,2019-05-04,True,False,BiffPredictor,5,4,1,1,100,Close,True,False,2016-01-01,50,4,0.5,True,False,0.7,0.564322469983,0.48801369863,0.533447684391,0.496575342466
ETH,2019-05-04,True,False,BiffPredictor,5,4,1,1,100,Close,True,False,2017-01-01,50,4,0.5,True,True,0.7,0.665,0.69825436409,0.73,0.765586034913
ETH,2019-05-04,True,False,BiffPredictor,5,4,1,1,100,Close,True,False,2017-01-01,50,4,0.5,True,False,0.7,0.56,0.481296758105,0.5775,0.486284289277
ETH,2019-05-04,True,False,BiffPredictor,5,4,1,1,100,Close,True,False,2018-01-01,50,4,0.5,True,True,0.7,0.683486238532,0.454128440367,0.711009174312,0.738532110092
ETH,2019-05-04,True,False,BiffPredictor,5,4,1,1,100,Close,True,False,2018-01-01,50,4,0.5,True,False,0.7,0.646788990826,0.51376146789,0.573394495413,0.564220183486
ETH,2019-05-04,True,False,BiffPredictorSmart,5,4,1,1,100,Close,True,False,2016-01-01,50,4,0.5,True,True,0.7,0.555746140652,0.549657534247,0.617495711835,0.628424657534
ETH,2019-05-04,True,False,BiffPredictorSmart,5,4,1,1,100,Close,True,False,2016-01-01,50,4,0.5,True,False,0.7,0.543739279588,0.491438356164,0.526586620926,0.484589041096
ETH,2019-05-04,True,False,BiffPredictorSmart,5,4,1,1,100,Close,True,False,2017-01-01,50,4,0.5,True,True,0.7,0.645,0.635910224439,0.7125,0.658354114713
ETH,2019-05-04,True,False,BiffPredictorSmart,5,4,1,1,100,Close,True,False,2017-01-01,50,4,0.5,True,False,0.7,0.565,0.473815461347,0.565,0.476309226933
ETH,2019-05-04,True,False,BiffPredictorSmart,5,4,1,1,100,Close,True,False,2018-01-01,50,4,0.5,True,True,0.7,0.697247706422,0.518348623853,0.683486238532,0.660550458716
ETH,2019-05-04,True,False,BiffPredictorSmart,5,4,1,1,100,Close,True,False,2018-01-01,50,4,0.5,True,False,0.7,0.651376146789,0.47247706422,0.577981651376,0.564220183486
ETH,2019-05-04,True,True,BiffPredictor,5,1,1,1,100,Close,True,False,2016-01-01,60,4,0.5,True,True,0.7,0.534482758621,0.5,0.534482758621,0.512068965517
ETH,2019-05-04,True,True,BiffPredictor,5,1,1,1,100,Close,True,False,2016-01-01,60,4,0.5,True,False,0.7,0.512068965517,0.518965517241,0.506896551724,0.518965517241
ETH,2019-05-04,True,True,BiffPredictor,5,1,1,1,100,Close,True,False,2017-01-01,60,4,0.5,True,True,0.7,0.561712846348,0.511335012594,0.528967254408,0.528967254408
ETH,2019-05-04,True,True,BiffPredictor,5,1,1,1,100,Close,True,False,2017-01-01,60,4,0.5,True,False,0.7,0.541561712846,0.498740554156,0.531486146096,0.478589420655
ETH,2019-05-04,True,True,BiffPredictor,5,1,1,1,100,Close,True,False,2018-01-01,60,4,0.5,True,True,0.7,0.602803738318,0.474418604651,0.588785046729,0.511627906977
ETH,2019-05-04,True,True,BiffPredictor,5,1,1,1,100,Close,True,False,2018-01-01,60,4,0.5,True,False,0.7,0.565420560748,0.502325581395,0.560747663551,0.516279069767
ETH,2019-05-04,True,True,BiffPredictorSmart,5,1,1,1,100,Close,True,False,2016-01-01,60,4,0.5,True,True,0.7,0.56724137931,0.529310344828,0.553448275862,0.531034482759
ETH,2019-05-04,True,True,BiffPredictorSmart,5,1,1,1,100,Close,True,False,2016-01-01,60,4,0.5,True,False,0.7,0.534482758621,0.5,0.520689655172,0.470689655172
ETH,2019-05-04,True,True,BiffPredictorSmart,5,1,1,1,100,Close,True,False,2017-01-01,60,4,0.5,True,True,0.7,0.551637279597,0.506297229219,0.523929471033,0.498740554156
ETH,2019-05-04,True,True,BiffPredictorSmart,5,1,1,1,100,Close,True,False,2017-01-01,60,4,0.5,True,False,0.7,0.541561712846,0.488664987406,0.531486146096,0.478589420655
ETH,2019-05-04,True,True,BiffPredictorSmart,5,1,1,1,100,Close,True,False,2018-01-01,60,4,0.5,True,True,0.7,0.551401869159,0.548837209302,0.528037383178,0.548837209302
ETH,2019-05-04,True,True,BiffPredictorSmart,5,1,1,1,100,Close,True,False,2018-01-01,60,4,0.5,True,False,0.7,0.579439252336,0.520930232558,0.560747663551,0.516279069767
ETH,2019-05-04,True,False,BiffPredictor,5,1,1,1,100,Close,True,False,2016-01-01,60,4,0.5,True,True,0.7,0.551724137931,0.5,0.529310344828,0.513793103448
ETH,2019-05-04,True,False,BiffPredictor,5,1,1,1,100,Close,True,False,2016-01-01,60,4,0.5,True,False,0.7,0.518965517241,0.5,0.515517241379,0.484482758621
ETH,2019-05-04,True,False,BiffPredictor,5,1,1,1,100,Close,True,False,2017-01-01,60,4,0.5,True,True,0.7,0.549118387909,0.513853904282,0.55919395466,0.486146095718
ETH,2019-05-04,True,False,BiffPredictor,5,1,1,1,100,Close,True,False,2017-01-01,60,4,0.5,True,False,0.7,0.551637279597,0.488664987406,0.554156171285,0.47355163728
ETH,2019-05-04,True,False,BiffPredictor,5,1,1,1,100,Close,True,False,2018-01-01,60,4,0.5,True,True,0.7,0.57476635514,0.497674418605,0.565420560748,0.516279069767
ETH,2019-05-04,True,False,BiffPredictor,5,1,1,1,100,Close,True,False,2018-01-01,60,4,0.5,True,False,0.7,0.565420560748,0.516279069767,0.57476635514,0.544186046512
ETH,2019-05-04,True,False,BiffPredictorSmart,5,1,1,1,100,Close,True,False,2016-01-01,60,4,0.5,True,True,0.7,0.551724137931,0.48275862069,0.55,0.46724137931
ETH,2019-05-04,True,False,BiffPredictorSmart,5,1,1,1,100,Close,True,False,2016-01-01,60,4,0.5,True,False,0.7,0.537931034483,0.493103448276,0.506896551724,0.498275862069
ETH,2019-05-04,True,False,BiffPredictorSmart,5,1,1,1,100,Close,True,False,2017-01-01,60,4,0.5,True,True,0.7,0.596977329975,0.511335012594,0.574307304786,0.496221662469
ETH,2019-05-04,True,False,BiffPredictorSmart,5,1,1,1,100,Close,True,False,2017-01-01,60,4,0.5,True,False,0.7,0.546599496222,0.47355163728,0.554156171285,0.47355163728
ETH,2019-05-04,True,False,BiffPredictorSmart,5,1,1,1,100,Close,True,False,2018-01-01,60,4,0.5,True,True,0.7,0.523364485981,0.474418604651,0.556074766355,0.581395348837
ETH,2019-05-04,True,False,BiffPredictorSmart,5,1,1,1,100,Close,True,False,2018-01-01,60,4,0.5,True,False,0.7,0.57476635514,0.483720930233,0.57476635514,0.544186046512
ETH,2019-05-04,True,True,BiffPredictor,5,2,1,1,100,Close,True,False,2016-01-01,60,4,0.5,True,True,0.7,0.563039723661,0.518965517241,0.647668393782,0.608620689655
ETH,2019-05-04,True,True,BiffPredictor,5,2,1,1,100,Close,True,False,2016-01-01,60,4,0.5,True,False,0.7,0.512953367876,0.470689655172,0.512953367876,0.470689655172
ETH,2019-05-04,True,True,BiffPredictor,5,2,1,1,100,Close,True,False,2017-01-01,60,4,0.5,True,True,0.7,0.580808080808,0.544080604534,0.651515151515,0.63476070529
ETH,2019-05-04,True,True,BiffPredictor,5,2,1,1,100,Close,True,False,2017-01-01,60,4,0.5,True,False,0.7,0.535353535354,0.458438287154,0.535353535354,0.458438287154
ETH,2019-05-04,True,True,BiffPredictor,5,2,1,1,100,Close,True,False,2018-01-01,60,4,0.5,True,True,0.7,0.630841121495,0.556074766355,0.682242990654,0.677570093458
ETH,2019-05-04,True,True,BiffPredictor,5,2,1,1,100,Close,True,False,2018-01-01,60,4,0.5,True,False,0.7,0.607476635514,0.53738317757,0.584112149533,0.53738317757
ETH,2019-05-04,True,True,BiffPredictorSmart,5,2,1,1,100,Close,True,False,2016-01-01,60,4,0.5,True,True,0.7,0.554404145078,0.522413793103,0.566493955095,0.551724137931
ETH,2019-05-04,True,True,BiffPredictorSmart,5,2,1,1,100,Close,True,False,2016-01-01,60,4,0.5,True,False,0.7,0.516407599309,0.486206896552,0.516407599309,0.486206896552
ETH,2019-05-04,True,True,BiffPredictorSmart,5,2,1,1,100,Close,True,False,2017-01-01,60,4,0.5,True,True,0.7,0.563131313131,0.539042821159,0.593434343434,0.564231738035
ETH,2019-05-04,True,True,BiffPredictorSmart,5,2,1,1,100,Close,True,False,2017-01-01,60,4,0.5,True,False,0.7,0.545454545455,0.498740554156,0.532828282828,0.48362720403
ETH,2019-05-04,True,True,BiffPredictorSmart,5,2,1,1,100,Close,True,False,2018-01-01,60,4,0.5,True,True,0.7,0.565420560748,0.518691588785,0.570093457944,0.542056074766
ETH,2019-05-04,True,True,BiffPredictorSmart,5,2,1,1,100,Close,True,False,2018-01-01,60,4,0.5,True,False,0.7,0.57476635514,0.528037383178,0.560747663551,0.490654205607
ETH,2019-05-04,True,False,BiffPredictor,5,2,1,1,100,Close,True,False,2016-01-01,60,4,0.5,True,True,0.7,0.568221070812,0.510344827586,0.573402417962,0.560344827586
ETH,2019-05-04,True,False,BiffPredictor,5,2,1,1,100,Close,True,False,2016-01-01,60,4,0.5,True,False,0.7,0.53195164076,0.470689655172,0.512953367876,0.470689655172
ETH,2019-05-04,True,False,BiffPredictor,5,2,1,1,100,Close,True,False,2017-01-01,60,4,0.5,True,True,0.7,0.608585858586,0.571788413098,0.636363636364,0.556675062972
ETH,2019-05-04,True,False,BiffPredictor,5,2,1,1,100,Close,True,False,2017-01-01,60,4,0.5,True,False,0.7,0.54797979798,0.433249370277,0.535353535354,0.458438287154
ETH,2019-05-04,True,False,BiffPredictor,5,2,1,1,100,Close,True,False,2018-01-01,60,4,0.5,True,True,0.7,0.630841121495,0.546728971963,0.635514018692,0.551401869159
ETH,2019-05-04,True,False,BiffPredictor,5,2,1,1,100,Close,True,False,2018-01-01,60,4,0.5,True,False,0.7,0.616822429907,0.53738317757,0.635514018692,0.471962616822
ETH,2019-05-04,True,False,BiffPredictorSmart,5,2,1,1,100,Close,True,False,2016-01-01,60,4,0.5,True,True,0.7,0.550949913644,0.527586206897,0.547495682211,0.496551724138
ETH,2019-05-04,True,False,BiffPredictorSmart,5,2,1,1,100,Close,True,False,2016-01-01,60,4,0.5,True,False,0.7,0.528497409326,0.486206896552,0.516407599309,0.486206896552
ETH,2019-05-04,True,False,BiffPredictorSmart,5,2,1,1,100,Close,True,False,2017-01-01,60,4,0.5,True,True,0.7,0.54797979798,0.619647355164,0.578282828283,0.554156171285
ETH,2019-05-04,True,False,BiffPredictorSmart,5,2,1,1,100,Close,True,False,2017-01-01,60,4,0.5,True,False,0.7,0.550505050505,0.481108312343,0.565656565657,0.521410579345
ETH,2019-05-04,True,False,BiffPredictorSmart,5,2,1,1,100,Close,True,False,2018-01-01,60,4,0.5,True,True,0.7,0.626168224299,0.471962616822,0.598130841121,0.448598130841
ETH,2019-05-04,True,False,BiffPredictorSmart,5,2,1,1,100,Close,True,False,2018-01-01,60,4,0.5,True,False,0.7,0.593457943925,0.528037383178,0.579439252336,0.528037383178
ETH,2019-05-04,True,True,BiffPredictor,5,3,1,1,100,Close,True,False,2016-01-01,60,4,0.5,True,True,0.7,0.578583765112,0.633851468048,0.625215889465,0.685664939551
ETH,2019-05-04,True,True,BiffPredictor,5,3,1,1,100,Close,True,False,2016-01-01,60,4,0.5,True,False,0.7,0.519861830743,0.488773747841,0.519861830743,0.488773747841
ETH,2019-05-04,True,True,BiffPredictor,5,3,1,1,100,Close,True,False,2017-01-01,60,4,0.5,True,True,0.7,0.603535353535,0.583333333333,0.666666666667,0.719696969697
ETH,2019-05-04,True,True,BiffPredictor,5,3,1,1,100,Close,True,False,2017-01-01,60,4,0.5,True,False,0.7,0.540404040404,0.492424242424,0.540404040404,0.482323232323
ETH,2019-05-04,True,True,BiffPredictor,5,3,1,1,100,Close,True,False,2018-01-01,60,4,0.5,True,True,0.7,0.591549295775,0.53738317757,0.633802816901,0.700934579439
ETH,2019-05-04,True,True,BiffPredictor,5,3,1,1,100,Close,True,False,2018-01-01,60,4,0.5,True,False,0.7,0.619718309859,0.546728971963,0.610328638498,0.46261682243
ETH,2019-05-04,True,True,BiffPredictorSmart,5,3,1,1,100,Close,True,False,2016-01-01,60,4,0.5,True,True,0.7,0.550949913644,0.530224525043,0.614853195164,0.6701208981
ETH,2019-05-04,True,True,BiffPredictorSmart,5,3,1,1,100,Close,True,False,2016-01-01,60,4,0.5,True,False,0.7,0.535405872193,0.495682210708,0.53195164076,0.504317789292
ETH,2019-05-04,True,True,BiffPredictorSmart,5,3,1,1,100,Close,True,False,2017-01-01,60,4,0.5,True,True,0.7,0.606060606061,0.565656565657,0.646464646465,0.611111111111
ETH,2019-05-04,True,True,BiffPredictorSmart,5,3,1,1,100,Close,True,False,2017-01-01,60,4,0.5,True,False,0.7,0.535353535354,0.517676767677,0.530303030303,0.462121212121
ETH,2019-05-04,True,True,BiffPredictorSmart,5,3,1,1,100,Close,True,False,2018-01-01,60,4,0.5,True,True,0.7,0.671361502347,0.579439252336,0.680751173709,0.635514018692
ETH,2019-05-04,True,True,BiffPredictorSmart,5,3,1,1,100,Close,True,False,2018-01-01,60,4,0.5,True,False,0.7,0.600938967136,0.556074766355,0.591549295775,0.546728971963
ETH,2019-05-04,True,False,BiffPredictor,5,3,1,1,100,Close,True,False,2016-01-01,60,4,0.5,True,True,0.7,0.556131260794,0.568221070812,0.59585492228,0.576856649396
ETH,2019-05-04,True,False,BiffPredictor,5,3,1,1,100,Close,True,False,2016-01-01,60,4,0.5,True,False,0.7,0.545768566494,0.480138169257,0.519861830743,0.488773747841
ETH,2019-05-04,True,False,BiffPredictor,5,3,1,1,100,Close,True,False,2017-01-01,60,4,0.5,True,True,0.7,0.669191919192,0.631313131313,0.671717171717,0.712121212121
ETH,2019-05-04,True,False,BiffPredictor,5,3,1,1,100,Close,True,False,2017-01-01,60,4,0.5,True,False,0.7,0.542929292929,0.467171717172,0.540404040404,0.482323232323
ETH,2019-05-04,True,False,BiffPredictor,5,3,1,1,100,Close,True,False,2018-01-01,60,4,0.5,True,True,0.7,0.704225352113,0.504672897196,0.741784037559,0.691588785047
ETH,2019-05-04,True,False,BiffPredictor,5,3,1,1,100,Close,True,False,2018-01-01,60,4,0.5,True,False,0.7,0.638497652582,0.518691588785,0.638497652582,0.471962616822
ETH,2019-05-04,True,False,BiffPredictorSmart,5,3,1,1,100,Close,True,False,2016-01-01,60,4,0.5,True,True,0.7,0.557858376511,0.564766839378,0.573402417962,0.592400690846
ETH,2019-05-04,True,False,BiffPredictorSmart,5,3,1,1,100,Close,True,False,2016-01-01,60,4,0.5,True,False,0.7,0.549222797927,0.454231433506,0.525043177893,0.47322970639
ETH,2019-05-04,True,False,BiffPredictorSmart,5,3,1,1,100,Close,True,False,2017-01-01,60,4,0.5,True,True,0.7,0.628787878788,0.55303030303,0.643939393939,0.666666666667
ETH,2019-05-04,True,False,BiffPredictorSmart,5,3,1,1,100,Close,True,False,2017-01-01,60,4,0.5,True,False,0.7,0.540404040404,0.472222222222,0.565656565657,0.459595959596
ETH,2019-05-04,True,False,BiffPredictorSmart,5,3,1,1,100,Close,True,False,2018-01-01,60,4,0.5,True,True,0.7,0.62441314554,0.5,0.615023474178,0.64953271028
ETH,2019-05-04,True,False,BiffPredictorSmart,5,3,1,1,100,Close,True,False,2018-01-01,60,4,0.5,True,False,0.7,0.652582159624,0.588785046729,0.638497652582,0.481308411215
ETH,2019-05-04,True,True,BiffPredictor,5,4,1,1,100,Close,True,False,2016-01-01,60,4,0.5,True,True,0.7,0.636678200692,0.611398963731,0.71107266436,0.72884283247
ETH,2019-05-04,True,True,BiffPredictor,5,4,1,1,100,Close,True,False,2016-01-01,60,4,0.5,True,False,0.7,0.5276816609,0.556131260794,0.531141868512,0.492227979275
ETH,2019-05-04,True,True,BiffPredictor,5,4,1,1,100,Close,True,False,2017-01-01,60,4,0.5,True,True,0.7,0.640506329114,0.633838383838,0.696202531646,0.757575757576
ETH,2019-05-04,True,True,BiffPredictor,5,4,1,1,100,Close,True,False,2017-01-01,60,4,0.5,True,False,0.7,0.541772151899,0.487373737374,0.541772151899,0.487373737374
ETH,2019-05-04,True,True,BiffPredictor,5,4,1,1,100,Close,True,False,2018-01-01,60,4,0.5,True,True,0.7,0.694835680751,0.661971830986,0.75117370892,0.75117370892
ETH,2019-05-04,True,True,BiffPredictor,5,4,1,1,100,Close,True,False,2018-01-01,60,4,0.5,True,False,0.7,0.666666666667,0.544600938967,0.619718309859,0.446009389671
ETH,2019-05-04,True,True,BiffPredictorSmart,5,4,1,1,100,Close,True,False,2016-01-01,60,4,0.5,True,True,0.7,0.572664359862,0.552677029361,0.666089965398,0.683937823834
ETH,2019-05-04,True,True,BiffPredictorSmart,5,4,1,1,100,Close,True,False,2016-01-01,60,4,0.5,True,False,0.7,0.536332179931,0.46286701209,0.520761245675,0.483592400691
ETH,2019-05-04,True,True,BiffPredictorSmart,5,4,1,1,100,Close,True,False,2017-01-01,60,4,0.5,True,True,0.7,0.594936708861,0.573232323232,0.645569620253,0.659090909091
ETH,2019-05-04,True,True,BiffPredictorSmart,5,4,1,1,100,Close,True,False,2017-01-01,60,4,0.5,True,False,0.7,0.536708860759,0.474747474747,0.541772151899,0.515151515152
ETH,2019-05-04,True,True,BiffPredictorSmart,5,4,1,1,100,Close,True,False,2018-01-01,60,4,0.5,True,True,0.7,0.647887323944,0.572769953052,0.62441314554,0.619718309859
ETH,2019-05-04,True,True,BiffPredictorSmart,5,4,1,1,100,Close,True,False,2018-01-01,60,4,0.5,True,False,0.7,0.647887323944,0.572769953052,0.629107981221,0.525821596244
ETH,2019-05-04,True,False,BiffPredictor,5,4,1,1,100,Close,True,False,2016-01-01,60,4,0.5,True,True,0.7,0.603806228374,0.571675302245,0.629757785467,0.609671848014
ETH,2019-05-04,True,False,BiffPredictor,5,4,1,1,100,Close,True,False,2016-01-01,60,4,0.5,True,False,0.7,0.550173010381,0.450777202073,0.524221453287,0.497409326425
ETH,2019-05-04,True,False,BiffPredictor,5,4,1,1,100,Close,True,False,2017-01-01,60,4,0.5,True,True,0.7,0.681012658228,0.684343434343,0.729113924051,0.717171717172
ETH,2019-05-04,True,False,BiffPredictor,5,4,1,1,100,Close,True,False,2017-01-01,60,4,0.5,True,False,0.7,0.544303797468,0.487373737374,0.541772151899,0.487373737374
ETH,2019-05-04,True,False,BiffPredictor,5,4,1,1,100,Close,True,False,2018-01-01,60,4,0.5,True,True,0.7,0.741784037559,0.549295774648,0.798122065728,0.737089201878
ETH,2019-05-04,True,False,BiffPredictor,5,4,1,1,100,Close,True,False,2018-01-01,60,4,0.5,True,False,0.7,0.671361502347,0.596244131455,0.652582159624,0.544600938967
ETH,2019-05-04,True,False,BiffPredictorSmart,5,4,1,1,100,Close,True,False,2016-01-01,60,4,0.5,True,True,0.7,0.543252595156,0.582037996546,0.586505190311,0.661485319516
ETH,2019-05-04,True,False,BiffPredictorSmart,5,4,1,1,100,Close,True,False,2016-01-01,60,4,0.5,True,False,0.7,0.544982698962,0.469775474957,0.522491349481,0.506044905009
ETH,2019-05-04,True,False,BiffPredictorSmart,5,4,1,1,100,Close,True,False,2017-01-01,60,4,0.5,True,True,0.7,0.632911392405,0.671717171717,0.635443037975,0.694444444444
ETH,2019-05-04,True,False,BiffPredictorSmart,5,4,1,1,100,Close,True,False,2017-01-01,60,4,0.5,True,False,0.7,0.562025316456,0.474747474747,0.536708860759,0.474747474747
ETH,2019-05-04,True,False,BiffPredictorSmart,5,4,1,1,100,Close,True,False,2018-01-01,60,4,0.5,True,True,0.7,0.723004694836,0.619718309859,0.694835680751,0.680751173709
ETH,2019-05-04,True,False,BiffPredictorSmart,5,4,1,1,100,Close,True,False,2018-01-01,60,4,0.5,True,False,0.7,0.680751173709,0.553990610329,0.629107981221,0.474178403756
