crypto,end_date,normalize,normalize_by_row,predictor_cls,predictor_params.daily_allowance,predictor_params.lookahead_days,predictor_params.prob_buy,predictor_params.prob_sell,predictor_params.starting_investment,price_column,standardize,start_date,window_size,cv_folds,dev_size,shuffle_data,training_size,MLPClassifier_training,MLPClassifier_eval,SVC_training,SVC_eval
ETH,2019-09-30,True,False,BiffPredictorSmart,5,2,1,1,100,Close,True,2016-01-01,30,4,0.5,True,0.7,0.547085201794,0.517189835575,0.551569506726,0.514200298954
ETH,2019-09-30,True,False,BiffPredictorSmart,5,2,1,1,100,Close,True,2016-01-01,30,4,0.5,False,0.7,0.527653213752,0.503736920777,0.533632286996,0.500747384155
ETH,2019-09-30,True,False,BiffPredictorSmart,5,2,1,1,100,Close,True,2017-01-01,30,4,0.5,True,0.7,0.557613168724,0.514403292181,0.567901234568,0.56378600823
ETH,2019-09-30,True,False,BiffPredictorSmart,5,2,1,1,100,Close,True,2017-01-01,30,4,0.5,False,0.7,0.58024691358,0.48353909465,0.600823045267,0.487654320988
ETH,2019-09-30,True,False,BiffPredictorSmart,5,2,1,1,100,Close,True,2018-01-01,30,4,0.5,True,0.7,0.587458745875,0.453947368421,0.57095709571,0.552631578947
ETH,2019-09-30,True,False,BiffPredictorSmart,5,2,1,1,100,Close,True,2018-01-01,30,4,0.5,False,0.7,0.574257425743,0.480263157895,0.554455445545,0.486842105263
ETH,2019-09-30,True,True,BiffPredictor,5,3,1,1,100,Close,True,2016-01-01,30,4,0.5,True,0.7,0.556886227545,0.579970104634,0.549401197605,0.560538116592
ETH,2019-09-30,True,True,BiffPredictor,5,3,1,1,100,Close,True,2016-01-01,30,4,0.5,False,0.7,0.565868263473,0.526158445441,0.565868263473,0.487294469357
ETH,2019-09-30,True,True,BiffPredictor,5,3,1,1,100,Close,True,2017-01-01,30,4,0.5,True,0.7,0.571134020619,0.537037037037,0.560824742268,0.557613168724
ETH,2019-09-30,True,True,BiffPredictor,5,3,1,1,100,Close,True,2017-01-01,30,4,0.5,False,0.7,0.616494845361,0.545267489712,0.59793814433,0.510288065844
ETH,2019-09-30,True,True,BiffPredictor,5,3,1,1,100,Close,True,2018-01-01,30,4,0.5,True,0.7,0.584158415842,0.594059405941,0.620462046205,0.627062706271
ETH,2019-09-30,True,True,BiffPredictor,5,3,1,1,100,Close,True,2018-01-01,30,4,0.5,False,0.7,0.60396039604,0.57095709571,0.594059405941,0.541254125413
ETH,2019-09-30,True,True,BiffPredictorSmart,5,3,1,1,100,Close,True,2016-01-01,30,4,0.5,True,0.7,0.571856287425,0.517189835575,0.573353293413,0.545590433483
ETH,2019-09-30,True,True,BiffPredictorSmart,5,3,1,1,100,Close,True,2016-01-01,30,4,0.5,False,0.7,0.576347305389,0.487294469357,0.544910179641,0.520179372197
ETH,2019-09-30,True,True,BiffPredictorSmart,5,3,1,1,100,Close,True,2017-01-01,30,4,0.5,True,0.7,0.581443298969,0.518518518519,0.564948453608,0.512345679012
ETH,2019-09-30,True,True,BiffPredictorSmart,5,3,1,1,100,Close,True,2017-01-01,30,4,0.5,False,0.7,0.569072164948,0.506172839506,0.564948453608,0.51646090535
ETH,2019-09-30,True,True,BiffPredictorSmart,5,3,1,1,100,Close,True,2018-01-01,30,4,0.5,True,0.7,0.613861386139,0.49504950495,0.597359735974,0.531353135314
ETH,2019-09-30,True,True,BiffPredictorSmart,5,3,1,1,100,Close,True,2018-01-01,30,4,0.5,False,0.7,0.587458745875,0.514851485149,0.580858085809,0.491749174917
ETH,2019-09-30,True,False,BiffPredictor,5,3,1,1,100,Close,True,2016-01-01,30,4,0.5,True,0.7,0.543413173653,0.499252615845,0.600299401198,0.578475336323
ETH,2019-09-30,True,False,BiffPredictor,5,3,1,1,100,Close,True,2016-01-01,30,4,0.5,False,0.7,0.544910179641,0.494768310912,0.555389221557,0.509715994021
ETH,2019-09-30,True,False,BiffPredictor,5,3,1,1,100,Close,True,2017-01-01,30,4,0.5,True,0.7,0.614432989691,0.569958847737,0.680412371134,0.656378600823
ETH,2019-09-30,True,False,BiffPredictor,5,3,1,1,100,Close,True,2017-01-01,30,4,0.5,False,0.7,0.612371134021,0.502057613169,0.612371134021,0.487654320988
ETH,2019-09-30,True,False,BiffPredictor,5,3,1,1,100,Close,True,2018-01-01,30,4,0.5,True,0.7,0.600660066007,0.584158415842,0.640264026403,0.666666666667
ETH,2019-09-30,True,False,BiffPredictor,5,3,1,1,100,Close,True,2018-01-01,30,4,0.5,False,0.7,0.597359735974,0.541254125413,0.584158415842,0.481848184818
ETH,2019-09-30,True,False,BiffPredictorSmart,5,3,1,1,100,Close,True,2016-01-01,30,4,0.5,True,0.7,0.573353293413,0.517189835575,0.582335329341,0.539611360239
ETH,2019-09-30,True,False,BiffPredictorSmart,5,3,1,1,100,Close,True,2016-01-01,30,4,0.5,False,0.7,0.547904191617,0.553064275037,0.544910179641,0.512705530643
ETH,2019-09-30,True,False,BiffPredictorSmart,5,3,1,1,100,Close,True,2017-01-01,30,4,0.5,True,0.7,0.579381443299,0.539094650206,0.589690721649,0.664609053498
ETH,2019-09-30,True,False,BiffPredictorSmart,5,3,1,1,100,Close,True,2017-01-01,30,4,0.5,False,0.7,0.575257731959,0.485596707819,0.59175257732,0.475308641975
ETH,2019-09-30,True,False,BiffPredictorSmart,5,3,1,1,100,Close,True,2018-01-01,30,4,0.5,True,0.7,0.574257425743,0.531353135314,0.660066006601,0.650165016502
ETH,2019-09-30,True,False,BiffPredictorSmart,5,3,1,1,100,Close,True,2018-01-01,30,4,0.5,False,0.7,0.613861386139,0.471947194719,0.577557755776,0.485148514851
ETH,2019-09-30,True,True,BiffPredictor,5,4,1,1,100,Close,True,2016-01-01,30,4,0.5,True,0.7,0.601796407186,0.565868263473,0.604790419162,0.555389221557
ETH,2019-09-30,True,True,BiffPredictor,5,4,1,1,100,Close,True,2016-01-01,30,4,0.5,False,0.7,0.591317365269,0.498502994012,0.589820359281,0.505988023952
ETH,2019-09-30,True,True,BiffPredictor,5,4,1,1,100,Close,True,2017-01-01,30,4,0.5,True,0.7,0.562886597938,0.556701030928,0.558762886598,0.575257731959
ETH,2019-09-30,True,True,BiffPredictor,5,4,1,1,100,Close,True,2017-01-01,30,4,0.5,False,0.7,0.612371134021,0.482474226804,0.585567010309,0.523711340206
ETH,2019-09-30,True,True,BiffPredictor,5,4,1,1,100,Close,True,2018-01-01,30,4,0.5,True,0.7,0.576158940397,0.547854785479,0.632450331126,0.627062706271
ETH,2019-09-30,True,True,BiffPredictor,5,4,1,1,100,Close,True,2018-01-01,30,4,0.5,False,0.7,0.586092715232,0.528052805281,0.596026490066,0.514851485149
ETH,2019-09-30,True,True,BiffPredictorSmart,5,4,1,1,100,Close,True,2016-01-01,30,4,0.5,True,0.7,0.561377245509,0.543413173653,0.555389221557,0.541916167665
ETH,2019-09-30,True,True,BiffPredictorSmart,5,4,1,1,100,Close,True,2016-01-01,30,4,0.5,False,0.7,0.574850299401,0.483532934132,0.561377245509,0.504491017964
ETH,2019-09-30,True,True,BiffPredictorSmart,5,4,1,1,100,Close,True,2017-01-01,30,4,0.5,True,0.7,0.581443298969,0.511340206186,0.571134020619,0.507216494845
ETH,2019-09-30,True,True,BiffPredictorSmart,5,4,1,1,100,Close,True,2017-01-01,30,4,0.5,False,0.7,0.577319587629,0.490721649485,0.569072164948,0.494845360825
ETH,2019-09-30,True,True,BiffPredictorSmart,5,4,1,1,100,Close,True,2018-01-01,30,4,0.5,True,0.7,0.639072847682,0.53795379538,0.639072847682,0.564356435644
ETH,2019-09-30,True,True,BiffPredictorSmart,5,4,1,1,100,Close,True,2018-01-01,30,4,0.5,False,0.7,0.602649006623,0.478547854785,0.622516556291,0.541254125413
ETH,2019-09-30,True,False,BiffPredictor,5,4,1,1,100,Close,True,2016-01-01,30,4,0.5,True,0.7,0.597305389222,0.558383233533,0.645209580838,0.637724550898
ETH,2019-09-30,True,False,BiffPredictor,5,4,1,1,100,Close,True,2016-01-01,30,4,0.5,False,0.7,0.550898203593,0.511976047904,0.547904191617,0.520958083832
ETH,2019-09-30,True,False,BiffPredictor,5,4,1,1,100,Close,True,2017-01-01,30,4,0.5,True,0.7,0.614432989691,0.560824742268,0.639175257732,0.690721649485
ETH,2019-09-30,True,False,BiffPredictor,5,4,1,1,100,Close,True,2017-01-01,30,4,0.5,False,0.7,0.587628865979,0.482474226804,0.587628865979,0.492783505155
ETH,2019-09-30,True,False,BiffPredictor,5,4,1,1,100,Close,True,2018-01-01,30,4,0.5,True,0.7,0.612582781457,0.498349834983,0.695364238411,0.693069306931
ETH,2019-09-30,True,False,BiffPredictor,5,4,1,1,100,Close,True,2018-01-01,30,4,0.5,False,0.7,0.592715231788,0.481848184818,0.579470198675,0.478547854785
ETH,2019-09-30,True,False,BiffPredictorSmart,5,4,1,1,100,Close,True,2016-01-01,30,4,0.5,True,0.7,0.559880239521,0.519461077844,0.577844311377,0.571856287425
ETH,2019-09-30,True,False,BiffPredictorSmart,5,4,1,1,100,Close,True,2016-01-01,30,4,0.5,False,0.7,0.544910179641,0.49251497006,0.547904191617,0.497005988024
ETH,2019-09-30,True,False,BiffPredictorSmart,5,4,1,1,100,Close,True,2017-01-01,30,4,0.5,True,0.7,0.59793814433,0.564948453608,0.635051546392,0.659793814433
ETH,2019-09-30,True,False,BiffPredictorSmart,5,4,1,1,100,Close,True,2017-01-01,30,4,0.5,False,0.7,0.59175257732,0.529896907216,0.583505154639,0.496907216495
ETH,2019-09-30,True,False,BiffPredictorSmart,5,4,1,1,100,Close,True,2018-01-01,30,4,0.5,True,0.7,0.576158940397,0.580858085809,0.67880794702,0.673267326733
ETH,2019-09-30,True,False,BiffPredictorSmart,5,4,1,1,100,Close,True,2018-01-01,30,4,0.5,False,0.7,0.619205298013,0.448844884488,0.582781456954,0.475247524752
ETH,2019-09-30,True,True,BiffPredictor,5,1,1,1,100,Close,False,2016-01-01,30,4,0.5,True,0.7,0.575485799701,0.522388059701,0.57399103139,0.491044776119
ETH,2019-09-30,True,True,BiffPredictor,5,1,1,1,100,Close,False,2016-01-01,30,4,0.5,False,0.7,0.584454409567,0.520895522388,0.571001494768,0.531343283582
ETH,2019-09-30,True,True,BiffPredictor,5,1,1,1,100,Close,False,2017-01-01,30,4,0.5,True,0.7,0.534979423868,0.542094455852,0.543209876543,0.498973305955
ETH,2019-09-30,True,True,BiffPredictor,5,1,1,1,100,Close,False,2017-01-01,30,4,0.5,False,0.7,0.578189300412,0.511293634497,0.576131687243,0.513347022587
ETH,2019-09-30,True,True,BiffPredictor,5,1,1,1,100,Close,False,2018-01-01,30,4,0.5,True,0.7,0.5625,0.453947368421,0.539473684211,0.536184210526
ETH,2019-09-30,True,True,BiffPredictor,5,1,1,1,100,Close,False,2018-01-01,30,4,0.5,False,0.7,0.565789473684,0.483552631579,0.555921052632,0.470394736842
ETH,2019-09-30,True,True,BiffPredictorSmart,5,1,1,1,100,Close,False,2016-01-01,30,4,0.5,True,0.7,0.530642750374,0.523880597015,0.526158445441,0.54328358209
ETH,2019-09-30,True,True,BiffPredictorSmart,5,1,1,1,100,Close,False,2016-01-01,30,4,0.5,False,0.7,0.576980568012,0.537313432836,0.571001494768,0.531343283582
ETH,2019-09-30,True,True,BiffPredictorSmart,5,1,1,1,100,Close,False,2017-01-01,30,4,0.5,True,0.7,0.547325102881,0.521560574949,0.553497942387,0.52772073922
ETH,2019-09-30,True,True,BiffPredictorSmart,5,1,1,1,100,Close,False,2017-01-01,30,4,0.5,False,0.7,0.584362139918,0.492813141684,0.576131687243,0.513347022587
ETH,2019-09-30,True,True,BiffPredictorSmart,5,1,1,1,100,Close,False,2018-01-01,30,4,0.5,True,0.7,0.565789473684,0.473684210526,0.5625,0.470394736842
ETH,2019-09-30,True,True,BiffPredictorSmart,5,1,1,1,100,Close,False,2018-01-01,30,4,0.5,False,0.7,0.5625,0.513157894737,0.555921052632,0.470394736842
ETH,2019-09-30,True,False,BiffPredictor,5,1,1,1,100,Close,False,2016-01-01,30,4,0.5,True,0.7,0.526158445441,0.476119402985,0.511210762332,0.473134328358
ETH,2019-09-30,True,False,BiffPredictor,5,1,1,1,100,Close,False,2016-01-01,30,4,0.5,False,0.7,0.521674140508,0.519402985075,0.512705530643,0.513432835821
ETH,2019-09-30,True,False,BiffPredictor,5,1,1,1,100,Close,False,2017-01-01,30,4,0.5,True,0.7,0.547325102881,0.517453798768,0.528806584362,0.519507186858
ETH,2019-09-30,True,False,BiffPredictor,5,1,1,1,100,Close,False,2017-01-01,30,4,0.5,False,0.7,0.553497942387,0.494866529774,0.539094650206,0.484599589322
ETH,2019-09-30,True,False,BiffPredictor,5,1,1,1,100,Close,False,2018-01-01,30,4,0.5,True,0.7,0.572368421053,0.486842105263,0.536184210526,0.496710526316
ETH,2019-09-30,True,False,BiffPredictor,5,1,1,1,100,Close,False,2018-01-01,30,4,0.5,False,0.7,0.559210526316,0.480263157895,0.5625,0.480263157895
ETH,2019-09-30,True,False,BiffPredictorSmart,5,1,1,1,100,Close,False,2016-01-01,30,4,0.5,True,0.7,0.530642750374,0.49552238806,0.520179372197,0.513432835821
ETH,2019-09-30,True,False,BiffPredictorSmart,5,1,1,1,100,Close,False,2016-01-01,30,4,0.5,False,0.7,0.520179372197,0.5,0.512705530643,0.513432835821
ETH,2019-09-30,True,False,BiffPredictorSmart,5,1,1,1,100,Close,False,2017-01-01,30,4,0.5,True,0.7,0.543209876543,0.501026694045,0.506172839506,0.501026694045
ETH,2019-09-30,True,False,BiffPredictorSmart,5,1,1,1,100,Close,False,2017-01-01,30,4,0.5,False,0.7,0.551440329218,0.484599589322,0.539094650206,0.484599589322
ETH,2019-09-30,True,False,BiffPredictorSmart,5,1,1,1,100,Close,False,2018-01-01,30,4,0.5,True,0.7,0.565789473684,0.506578947368,0.549342105263,0.490131578947
ETH,2019-09-30,True,False,BiffPredictorSmart,5,1,1,1,100,Close,False,2018-01-01,30,4,0.5,False,0.7,0.5625,0.480263157895,0.5625,0.480263157895
ETH,2019-09-30,True,True,BiffPredictor,5,2,1,1,100,Close,False,2016-01-01,30,4,0.5,True,0.7,0.579970104634,0.523168908819,0.566517189836,0.52466367713
ETH,2019-09-30,True,True,BiffPredictor,5,2,1,1,100,Close,False,2016-01-01,30,4,0.5,False,0.7,0.556053811659,0.487294469357,0.563527653214,0.505231689088
ETH,2019-09-30,True,True,BiffPredictor,5,2,1,1,100,Close,False,2017-01-01,30,4,0.5,True,0.7,0.59670781893,0.549382716049,0.59670781893,0.543209876543
ETH,2019-09-30,True,True,BiffPredictor,5,2,1,1,100,Close,False,2017-01-01,30,4,0.5,False,0.7,0.592592592593,0.485596707819,0.592592592593,0.512345679012
ETH,2019-09-30,True,True,BiffPredictor,5,2,1,1,100,Close,False,2018-01-01,30,4,0.5,True,0.7,0.561056105611,0.5625,0.564356435644,0.634868421053
ETH,2019-09-30,True,True,BiffPredictor,5,2,1,1,100,Close,False,2018-01-01,30,4,0.5,False,0.7,0.63696369637,0.480263157895,0.613861386139,0.490131578947
ETH,2019-09-30,True,True,BiffPredictorSmart,5,2,1,1,100,Close,False,2016-01-01,30,4,0.5,True,0.7,0.560538116592,0.535127055306,0.566517189836,0.536621823617
ETH,2019-09-30,True,True,BiffPredictorSmart,5,2,1,1,100,Close,False,2016-01-01,30,4,0.5,False,0.7,0.566517189836,0.514200298954,0.560538116592,0.517189835575
ETH,2019-09-30,True,True,BiffPredictorSmart,5,2,1,1,100,Close,False,2017-01-01,30,4,0.5,True,0.7,0.56378600823,0.526748971193,0.553497942387,0.512345679012
ETH,2019-09-30,True,True,BiffPredictorSmart,5,2,1,1,100,Close,False,2017-01-01,30,4,0.5,False,0.7,0.600823045267,0.520576131687,0.574074074074,0.526748971193
ETH,2019-09-30,True,True,BiffPredictorSmart,5,2,1,1,100,Close,False,2018-01-01,30,4,0.5,True,0.7,0.580858085809,0.506578947368,0.594059405941,0.555921052632
ETH,2019-09-30,True,True,BiffPredictorSmart,5,2,1,1,100,Close,False,2018-01-01,30,4,0.5,False,0.7,0.587458745875,0.486842105263,0.584158415842,0.483552631579
ETH,2019-09-30,True,False,BiffPredictor,5,2,1,1,100,Close,False,2016-01-01,30,4,0.5,True,0.7,0.536621823617,0.529147982063,0.530642750374,0.482810164425
ETH,2019-09-30,True,False,BiffPredictor,5,2,1,1,100,Close,False,2016-01-01,30,4,0.5,False,0.7,0.518684603886,0.505231689088,0.518684603886,0.485799701046
ETH,2019-09-30,True,False,BiffPredictor,5,2,1,1,100,Close,False,2017-01-01,30,4,0.5,True,0.7,0.56378600823,0.471193415638,0.553497942387,0.510288065844
ETH,2019-09-30,True,False,BiffPredictor,5,2,1,1,100,Close,False,2017-01-01,30,4,0.5,False,0.7,0.561728395062,0.495884773663,0.586419753086,0.475308641975
ETH,2019-09-30,True,False,BiffPredictor,5,2,1,1,100,Close,False,2018-01-01,30,4,0.5,True,0.7,0.567656765677,0.496710526316,0.564356435644,0.513157894737
ETH,2019-09-30,True,False,BiffPredictor,5,2,1,1,100,Close,False,2018-01-01,30,4,0.5,False,0.7,0.597359735974,0.532894736842,0.597359735974,0.480263157895
ETH,2019-09-30,True,False,BiffPredictorSmart,5,2,1,1,100,Close,False,2016-01-01,30,4,0.5,True,0.7,0.545590433483,0.493273542601,0.544095665172,0.499252615845
ETH,2019-09-30,True,False,BiffPredictorSmart,5,2,1,1,100,Close,False,2016-01-01,30,4,0.5,False,0.7,0.529147982063,0.502242152466,0.535127055306,0.514200298954
ETH,2019-09-30,True,False,BiffPredictorSmart,5,2,1,1,100,Close,False,2017-01-01,30,4,0.5,True,0.7,0.598765432099,0.48353909465,0.609053497942,0.512345679012
ETH,2019-09-30,True,False,BiffPredictorSmart,5,2,1,1,100,Close,False,2017-01-01,30,4,0.5,False,0.7,0.567901234568,0.489711934156,0.576131687243,0.485596707819
ETH,2019-09-30,True,False,BiffPredictorSmart,5,2,1,1,100,Close,False,2018-01-01,30,4,0.5,True,0.7,0.544554455446,0.509868421053,0.524752475248,0.513157894737
ETH,2019-09-30,True,False,BiffPredictorSmart,5,2,1,1,100,Close,False,2018-01-01,30,4,0.5,False,0.7,0.567656765677,0.480263157895,0.557755775578,0.486842105263
ETH,2019-09-30,True,True,BiffPredictor,5,3,1,1,100,Close,False,2016-01-01,30,4,0.5,True,0.7,0.580838323353,0.563527653214,0.622754491018,0.60687593423
ETH,2019-09-30,True,True,BiffPredictor,5,3,1,1,100,Close,False,2016-01-01,30,4,0.5,False,0.7,0.570359281437,0.512705530643,0.564371257485,0.52466367713
ETH,2019-09-30,True,True,BiffPredictor,5,3,1,1,100,Close,False,2017-01-01,30,4,0.5,True,0.7,0.59381443299,0.561728395062,0.60206185567,0.545267489712
ETH,2019-09-30,True,True,BiffPredictor,5,3,1,1,100,Close,False,2017-01-01,30,4,0.5,False,0.7,0.59587628866,0.522633744856,0.59381443299,0.541152263374
ETH,2019-09-30,True,True,BiffPredictor,5,3,1,1,100,Close,False,2018-01-01,30,4,0.5,True,0.7,0.613861386139,0.518151815182,0.627062706271,0.656765676568
ETH,2019-09-30,True,True,BiffPredictor,5,3,1,1,100,Close,False,2018-01-01,30,4,0.5,False,0.7,0.617161716172,0.521452145215,0.607260726073,0.574257425743
ETH,2019-09-30,True,True,BiffPredictorSmart,5,3,1,1,100,Close,False,2016-01-01,30,4,0.5,True,0.7,0.555389221557,0.550074738416,0.561377245509,0.60687593423
ETH,2019-09-30,True,True,BiffPredictorSmart,5,3,1,1,100,Close,False,2016-01-01,30,4,0.5,False,0.7,0.582335329341,0.487294469357,0.564371257485,0.494768310912
ETH,2019-09-30,True,True,BiffPredictorSmart,5,3,1,1,100,Close,False,2017-01-01,30,4,0.5,True,0.7,0.531958762887,0.502057613169,0.569072164948,0.553497942387
ETH,2019-09-30,True,True,BiffPredictorSmart,5,3,1,1,100,Close,False,2017-01-01,30,4,0.5,False,0.7,0.587628865979,0.510288065844,0.560824742268,0.534979423868
ETH,2019-09-30,True,True,BiffPredictorSmart,5,3,1,1,100,Close,False,2018-01-01,30,4,0.5,True,0.7,0.60396039604,0.534653465347,0.607260726073,0.557755775578
ETH,2019-09-30,True,True,BiffPredictorSmart,5,3,1,1,100,Close,False,2018-01-01,30,4,0.5,False,0.7,0.623762376238,0.478547854785,0.617161716172,0.508250825083
ETH,2019-09-30,True,False,BiffPredictor,5,3,1,1,100,Close,False,2016-01-01,30,4,0.5,True,0.7,0.553892215569,0.520179372197,0.559880239521,0.52466367713
ETH,2019-09-30,True,False,BiffPredictor,5,3,1,1,100,Close,False,2016-01-01,30,4,0.5,False,0.7,0.549401197605,0.50822122571,0.535928143713,0.50822122571
ETH,2019-09-30,True,False,BiffPredictor,5,3,1,1,100,Close,False,2017-01-01,30,4,0.5,True,0.7,0.585567010309,0.528806584362,0.618556701031,0.549382716049
ETH,2019-09-30,True,False,BiffPredictor,5,3,1,1,100,Close,False,2017-01-01,30,4,0.5,False,0.7,0.59381443299,0.491769547325,0.59587628866,0.485596707819
ETH,2019-09-30,True,False,BiffPredictor,5,3,1,1,100,Close,False,2018-01-01,30,4,0.5,True,0.7,0.554455445545,0.521452145215,0.547854785479,0.57095709571
ETH,2019-09-30,True,False,BiffPredictor,5,3,1,1,100,Close,False,2018-01-01,30,4,0.5,False,0.7,0.580858085809,0.481848184818,0.567656765677,0.481848184818
ETH,2019-09-30,True,False,BiffPredictorSmart,5,3,1,1,100,Close,False,2016-01-01,30,4,0.5,True,0.7,0.570359281437,0.494768310912,0.553892215569,0.505231689088
ETH,2019-09-30,True,False,BiffPredictorSmart,5,3,1,1,100,Close,False,2016-01-01,30,4,0.5,False,0.7,0.552395209581,0.505231689088,0.544910179641,0.521674140508
ETH,2019-09-30,True,False,BiffPredictorSmart,5,3,1,1,100,Close,False,2017-01-01,30,4,0.5,True,0.7,0.558762886598,0.512345679012,0.558762886598,0.512345679012
ETH,2019-09-30,True,False,BiffPredictorSmart,5,3,1,1,100,Close,False,2017-01-01,30,4,0.5,False,0.7,0.60206185567,0.479423868313,0.581443298969,0.475308641975
ETH,2019-09-30,True,False,BiffPredictorSmart,5,3,1,1,100,Close,False,2018-01-01,30,4,0.5,True,0.7,0.564356435644,0.508250825083,0.577557755776,0.50495049505
ETH,2019-09-30,True,False,BiffPredictorSmart,5,3,1,1,100,Close,False,2018-01-01,30,4,0.5,False,0.7,0.584158415842,0.485148514851,0.584158415842,0.485148514851
ETH,2019-09-30,True,True,BiffPredictor,5,4,1,1,100,Close,False,2016-01-01,30,4,0.5,True,0.7,0.574850299401,0.555389221557,0.619760479042,0.604790419162
ETH,2019-09-30,True,True,BiffPredictor,5,4,1,1,100,Close,False,2016-01-01,30,4,0.5,False,0.7,0.607784431138,0.520958083832,0.612275449102,0.52994011976
ETH,2019-09-30,True,True,BiffPredictor,5,4,1,1,100,Close,False,2017-01-01,30,4,0.5,True,0.7,0.587628865979,0.538144329897,0.614432989691,0.59793814433
ETH,2019-09-30,True,True,BiffPredictor,5,4,1,1,100,Close,False,2017-01-01,30,4,0.5,False,0.7,0.577319587629,0.546391752577,0.587628865979,0.531958762887
ETH,2019-09-30,True,True,BiffPredictor,5,4,1,1,100,Close,False,2018-01-01,30,4,0.5,True,0.7,0.602649006623,0.557755775578,0.672185430464,0.660066006601
ETH,2019-09-30,True,True,BiffPredictor,5,4,1,1,100,Close,False,2018-01-01,30,4,0.5,False,0.7,0.615894039735,0.432343234323,0.572847682119,0.501650165017
ETH,2019-09-30,True,True,BiffPredictorSmart,5,4,1,1,100,Close,False,2016-01-01,30,4,0.5,True,0.7,0.574850299401,0.517964071856,0.589820359281,0.588323353293
ETH,2019-09-30,True,True,BiffPredictorSmart,5,4,1,1,100,Close,False,2016-01-01,30,4,0.5,False,0.7,0.600299401198,0.516467065868,0.580838323353,0.505988023952
ETH,2019-09-30,True,True,BiffPredictorSmart,5,4,1,1,100,Close,False,2017-01-01,30,4,0.5,True,0.7,0.577319587629,0.556701030928,0.560824742268,0.517525773196
ETH,2019-09-30,True,True,BiffPredictorSmart,5,4,1,1,100,Close,False,2017-01-01,30,4,0.5,False,0.7,0.562886597938,0.482474226804,0.562886597938,0.534020618557
ETH,2019-09-30,True,True,BiffPredictorSmart,5,4,1,1,100,Close,False,2018-01-01,30,4,0.5,True,0.7,0.579470198675,0.57095709571,0.58940397351,0.627062706271
ETH,2019-09-30,True,True,BiffPredictorSmart,5,4,1,1,100,Close,False,2018-01-01,30,4,0.5,False,0.7,0.619205298013,0.452145214521,0.609271523179,0.521452145215
ETH,2019-09-30,True,False,BiffPredictor,5,4,1,1,100,Close,False,2016-01-01,30,4,0.5,True,0.7,0.558383233533,0.502994011976,0.553892215569,0.511976047904
ETH,2019-09-30,True,False,BiffPredictor,5,4,1,1,100,Close,False,2016-01-01,30,4,0.5,False,0.7,0.552395209581,0.491017964072,0.568862275449,0.534431137725
ETH,2019-09-30,True,False,BiffPredictor,5,4,1,1,100,Close,False,2017-01-01,30,4,0.5,True,0.7,0.560824742268,0.558762886598,0.554639175258,0.538144329897
ETH,2019-09-30,True,False,BiffPredictor,5,4,1,1,100,Close,False,2017-01-01,30,4,0.5,False,0.7,0.573195876289,0.486597938144,0.59381443299,0.482474226804
ETH,2019-09-30,True,False,BiffPredictor,5,4,1,1,100,Close,False,2018-01-01,30,4,0.5,True,0.7,0.572847682119,0.485148514851,0.579470198675,0.597359735974
ETH,2019-09-30,True,False,BiffPredictor,5,4,1,1,100,Close,False,2018-01-01,30,4,0.5,False,0.7,0.582781456954,0.498349834983,0.569536423841,0.481848184818
ETH,2019-09-30,True,False,BiffPredictorSmart,5,4,1,1,100,Close,False,2016-01-01,30,4,0.5,True,0.7,0.541916167665,0.494011976048,0.531437125749,0.517964071856
ETH,2019-09-30,True,False,BiffPredictorSmart,5,4,1,1,100,Close,False,2016-01-01,30,4,0.5,False,0.7,0.559880239521,0.501497005988,0.561377245509,0.523952095808
ETH,2019-09-30,True,False,BiffPredictorSmart,5,4,1,1,100,Close,False,2017-01-01,30,4,0.5,True,0.7,0.59175257732,0.503092783505,0.59175257732,0.496907216495
ETH,2019-09-30,True,False,BiffPredictorSmart,5,4,1,1,100,Close,False,2017-01-01,30,4,0.5,False,0.7,0.577319587629,0.484536082474,0.579381443299,0.482474226804
ETH,2019-09-30,True,False,BiffPredictorSmart,5,4,1,1,100,Close,False,2018-01-01,30,4,0.5,True,0.7,0.602649006623,0.531353135314,0.629139072848,0.557755775578
ETH,2019-09-30,True,False,BiffPredictorSmart,5,4,1,1,100,Close,False,2018-01-01,30,4,0.5,False,0.7,0.586092715232,0.465346534653,0.579470198675,0.478547854785
ETH,2019-09-30,True,True,BiffPredictor,5,1,1,1,100,Close,True,2016-01-01,40,4,0.5,True,0.7,0.549698795181,0.514285714286,0.548192771084,0.452631578947
ETH,2019-09-30,True,True,BiffPredictor,5,1,1,1,100,Close,True,2016-01-01,40,4,0.5,False,0.7,0.566265060241,0.506766917293,0.555722891566,0.52030075188
ETH,2019-09-30,True,True,BiffPredictor,5,1,1,1,100,Close,True,2017-01-01,40,4,0.5,True,0.7,0.557172557173,0.516597510373,0.548856548857,0.473029045643
ETH,2019-09-30,True,True,BiffPredictor,5,1,1,1,100,Close,True,2017-01-01,40,4,0.5,False,0.7,0.575883575884,0.50622406639,0.561330561331,0.489626556017
ETH,2019-09-30,True,True,BiffPredictor,5,1,1,1,100,Close,True,2018-01-01,40,4,0.5,True,0.7,0.551839464883,0.505016722408,0.548494983278,0.484949832776
ETH,2019-09-30,True,True,BiffPredictor,5,1,1,1,100,Close,True,2018-01-01,40,4,0.5,False,0.7,0.555183946488,0.478260869565,0.555183946488,0.478260869565
ETH,2019-09-30,True,True,BiffPredictorSmart,5,1,1,1,100,Close,True,2016-01-01,40,4,0.5,True,0.7,0.576807228916,0.472180451128,0.555722891566,0.506766917293
ETH,2019-09-30,True,True,BiffPredictorSmart,5,1,1,1,100,Close,True,2016-01-01,40,4,0.5,False,0.7,0.566265060241,0.505263157895,0.555722891566,0.52030075188
ETH,2019-09-30,True,True,BiffPredictorSmart,5,1,1,1,100,Close,True,2017-01-01,40,4,0.5,True,0.7,0.571725571726,0.470954356846,0.555093555094,0.458506224066
ETH,2019-09-30,True,True,BiffPredictorSmart,5,1,1,1,100,Close,True,2017-01-01,40,4,0.5,False,0.7,0.571725571726,0.479253112033,0.561330561331,0.489626556017
ETH,2019-09-30,True,True,BiffPredictorSmart,5,1,1,1,100,Close,True,2018-01-01,40,4,0.5,True,0.7,0.535117056856,0.481605351171,0.538461538462,0.491638795987
ETH,2019-09-30,True,True,BiffPredictorSmart,5,1,1,1,100,Close,True,2018-01-01,40,4,0.5,False,0.7,0.558528428094,0.505016722408,0.555183946488,0.478260869565
ETH,2019-09-30,True,False,BiffPredictor,5,1,1,1,100,Close,True,2016-01-01,40,4,0.5,True,0.7,0.518072289157,0.47969924812,0.51656626506,0.487218045113
ETH,2019-09-30,True,False,BiffPredictor,5,1,1,1,100,Close,True,2016-01-01,40,4,0.5,False,0.7,0.534638554217,0.506766917293,0.518072289157,0.512781954887
ETH,2019-09-30,True,False,BiffPredictor,5,1,1,1,100,Close,True,2017-01-01,40,4,0.5,True,0.7,0.530145530146,0.491701244813,0.523908523909,0.53112033195
ETH,2019-09-30,True,False,BiffPredictor,5,1,1,1,100,Close,True,2017-01-01,40,4,0.5,False,0.7,0.561330561331,0.50622406639,0.540540540541,0.49377593361
ETH,2019-09-30,True,False,BiffPredictor,5,1,1,1,100,Close,True,2018-01-01,40,4,0.5,True,0.7,0.57525083612,0.505016722408,0.555183946488,0.505016722408
ETH,2019-09-30,True,False,BiffPredictor,5,1,1,1,100,Close,True,2018-01-01,40,4,0.5,False,0.7,0.57525083612,0.478260869565,0.555183946488,0.478260869565
ETH,2019-09-30,True,False,BiffPredictorSmart,5,1,1,1,100,Close,True,2016-01-01,40,4,0.5,True,0.7,0.524096385542,0.533834586466,0.55421686747,0.470676691729
ETH,2019-09-30,True,False,BiffPredictorSmart,5,1,1,1,100,Close,True,2016-01-01,40,4,0.5,False,0.7,0.528614457831,0.512781954887,0.518072289157,0.512781954887
ETH,2019-09-30,True,False,BiffPredictorSmart,5,1,1,1,100,Close,True,2017-01-01,40,4,0.5,True,0.7,0.571725571726,0.52489626556,0.52182952183,0.460580912863
ETH,2019-09-30,True,False,BiffPredictorSmart,5,1,1,1,100,Close,True,2017-01-01,40,4,0.5,False,0.7,0.559251559252,0.49377593361,0.540540540541,0.49377593361
ETH,2019-09-30,True,False,BiffPredictorSmart,5,1,1,1,100,Close,True,2018-01-01,40,4,0.5,True,0.7,0.535117056856,0.505016722408,0.511705685619,0.498327759197
ETH,2019-09-30,True,False,BiffPredictorSmart,5,1,1,1,100,Close,True,2018-01-01,40,4,0.5,False,0.7,0.581939799331,0.494983277592,0.555183946488,0.478260869565
ETH,2019-09-30,True,True,BiffPredictor,5,2,1,1,100,Close,True,2016-01-01,40,4,0.5,True,0.7,0.575301204819,0.507530120482,0.597891566265,0.576807228916
ETH,2019-09-30,True,True,BiffPredictor,5,2,1,1,100,Close,True,2016-01-01,40,4,0.5,False,0.7,0.531626506024,0.542168674699,0.518072289157,0.468373493976
ETH,2019-09-30,True,True,BiffPredictor,5,2,1,1,100,Close,True,2017-01-01,40,4,0.5,True,0.7,0.594594594595,0.507276507277,0.598752598753,0.573804573805
ETH,2019-09-30,True,True,BiffPredictor,5,2,1,1,100,Close,True,2017-01-01,40,4,0.5,False,0.7,0.600831600832,0.47817047817,0.588357588358,0.482328482328
ETH,2019-09-30,True,True,BiffPredictor,5,2,1,1,100,Close,True,2018-01-01,40,4,0.5,True,0.7,0.570469798658,0.531772575251,0.573825503356,0.61872909699
ETH,2019-09-30,True,True,BiffPredictor,5,2,1,1,100,Close,True,2018-01-01,40,4,0.5,False,0.7,0.587248322148,0.494983277592,0.577181208054,0.478260869565
ETH,2019-09-30,True,True,BiffPredictorSmart,5,2,1,1,100,Close,True,2016-01-01,40,4,0.5,True,0.7,0.555722891566,0.504518072289,0.542168674699,0.549698795181
ETH,2019-09-30,True,True,BiffPredictorSmart,5,2,1,1,100,Close,True,2016-01-01,40,4,0.5,False,0.7,0.551204819277,0.519578313253,0.552710843373,0.504518072289
ETH,2019-09-30,True,True,BiffPredictorSmart,5,2,1,1,100,Close,True,2017-01-01,40,4,0.5,True,0.7,0.600831600832,0.525987525988,0.592515592516,0.555093555094
ETH,2019-09-30,True,True,BiffPredictorSmart,5,2,1,1,100,Close,True,2017-01-01,40,4,0.5,False,0.7,0.588357588358,0.482328482328,0.548856548857,0.503118503119
ETH,2019-09-30,True,True,BiffPredictorSmart,5,2,1,1,100,Close,True,2018-01-01,40,4,0.5,True,0.7,0.546979865772,0.491638795987,0.577181208054,0.501672240803
ETH,2019-09-30,True,True,BiffPredictorSmart,5,2,1,1,100,Close,True,2018-01-01,40,4,0.5,False,0.7,0.570469798658,0.518394648829,0.557046979866,0.481605351171
ETH,2019-09-30,True,False,BiffPredictor,5,2,1,1,100,Close,True,2016-01-01,40,4,0.5,True,0.7,0.540662650602,0.522590361446,0.555722891566,0.576807228916
ETH,2019-09-30,True,False,BiffPredictor,5,2,1,1,100,Close,True,2016-01-01,40,4,0.5,False,0.7,0.518072289157,0.481927710843,0.518072289157,0.507530120482
ETH,2019-09-30,True,False,BiffPredictor,5,2,1,1,100,Close,True,2017-01-01,40,4,0.5,True,0.7,0.550935550936,0.534303534304,0.575883575884,0.623700623701
ETH,2019-09-30,True,False,BiffPredictor,5,2,1,1,100,Close,True,2017-01-01,40,4,0.5,False,0.7,0.596673596674,0.492723492723,0.60498960499,0.486486486486
ETH,2019-09-30,True,False,BiffPredictor,5,2,1,1,100,Close,True,2018-01-01,40,4,0.5,True,0.7,0.560402684564,0.515050167224,0.681208053691,0.571906354515
ETH,2019-09-30,True,False,BiffPredictor,5,2,1,1,100,Close,True,2018-01-01,40,4,0.5,False,0.7,0.610738255034,0.461538461538,0.590604026846,0.478260869565
ETH,2019-09-30,True,False,BiffPredictorSmart,5,2,1,1,100,Close,True,2016-01-01,40,4,0.5,True,0.7,0.53313253012,0.489457831325,0.569277108434,0.543674698795
ETH,2019-09-30,True,False,BiffPredictorSmart,5,2,1,1,100,Close,True,2016-01-01,40,4,0.5,False,0.7,0.543674698795,0.507530120482,0.527108433735,0.525602409639
ETH,2019-09-30,True,False,BiffPredictorSmart,5,2,1,1,100,Close,True,2017-01-01,40,4,0.5,True,0.7,0.580041580042,0.561330561331,0.598752598753,0.607068607069
ETH,2019-09-30,True,False,BiffPredictorSmart,5,2,1,1,100,Close,True,2017-01-01,40,4,0.5,False,0.7,0.590436590437,0.47817047817,0.592515592516,0.494802494802
ETH,2019-09-30,True,False,BiffPredictorSmart,5,2,1,1,100,Close,True,2018-01-01,40,4,0.5,True,0.7,0.570469798658,0.521739130435,0.60067114094,0.565217391304
ETH,2019-09-30,True,False,BiffPredictorSmart,5,2,1,1,100,Close,True,2018-01-01,40,4,0.5,False,0.7,0.580536912752,0.508361204013,0.553691275168,0.481605351171
ETH,2019-09-30,True,True,BiffPredictor,5,3,1,1,100,Close,True,2016-01-01,40,4,0.5,True,0.7,0.579185520362,0.566265060241,0.594268476621,0.602409638554
ETH,2019-09-30,True,True,BiffPredictor,5,3,1,1,100,Close,True,2016-01-01,40,4,0.5,False,0.7,0.558069381599,0.540662650602,0.542986425339,0.478915662651
ETH,2019-09-30,True,True,BiffPredictor,5,3,1,1,100,Close,True,2017-01-01,40,4,0.5,True,0.7,0.583333333333,0.559251559252,0.595833333333,0.609147609148
ETH,2019-09-30,True,True,BiffPredictor,5,3,1,1,100,Close,True,2017-01-01,40,4,0.5,False,0.7,0.597916666667,0.525987525988,0.6125,0.515592515593
ETH,2019-09-30,True,True,BiffPredictor,5,3,1,1,100,Close,True,2018-01-01,40,4,0.5,True,0.7,0.597315436242,0.563758389262,0.590604026846,0.543624161074
ETH,2019-09-30,True,True,BiffPredictor,5,3,1,1,100,Close,True,2018-01-01,40,4,0.5,False,0.7,0.607382550336,0.496644295302,0.570469798658,0.473154362416
ETH,2019-09-30,True,True,BiffPredictorSmart,5,3,1,1,100,Close,True,2016-01-01,40,4,0.5,True,0.7,0.573152337858,0.531626506024,0.582202111614,0.576807228916
ETH,2019-09-30,True,True,BiffPredictorSmart,5,3,1,1,100,Close,True,2016-01-01,40,4,0.5,False,0.7,0.564102564103,0.510542168675,0.556561085973,0.519578313253
ETH,2019-09-30,True,True,BiffPredictorSmart,5,3,1,1,100,Close,True,2017-01-01,40,4,0.5,True,0.7,0.5625,0.56340956341,0.560416666667,0.553014553015
ETH,2019-09-30,True,True,BiffPredictorSmart,5,3,1,1,100,Close,True,2017-01-01,40,4,0.5,False,0.7,0.585416666667,0.511434511435,0.560416666667,0.517671517672
ETH,2019-09-30,True,True,BiffPredictorSmart,5,3,1,1,100,Close,True,2018-01-01,40,4,0.5,True,0.7,0.604026845638,0.560402684564,0.61744966443,0.526845637584
ETH,2019-09-30,True,True,BiffPredictorSmart,5,3,1,1,100,Close,True,2018-01-01,40,4,0.5,False,0.7,0.60067114094,0.536912751678,0.577181208054,0.479865771812
ETH,2019-09-30,True,False,BiffPredictor,5,3,1,1,100,Close,True,2016-01-01,40,4,0.5,True,0.7,0.571644042232,0.539156626506,0.613876319759,0.626506024096
ETH,2019-09-30,True,False,BiffPredictor,5,3,1,1,100,Close,True,2016-01-01,40,4,0.5,False,0.7,0.538461538462,0.495481927711,0.565610859729,0.524096385542
ETH,2019-09-30,True,False,BiffPredictor,5,3,1,1,100,Close,True,2017-01-01,40,4,0.5,True,0.7,0.602083333333,0.559251559252,0.679166666667,0.669438669439
ETH,2019-09-30,True,False,BiffPredictor,5,3,1,1,100,Close,True,2017-01-01,40,4,0.5,False,0.7,0.614583333333,0.488565488565,0.6,0.503118503119
ETH,2019-09-30,True,False,BiffPredictor,5,3,1,1,100,Close,True,2018-01-01,40,4,0.5,True,0.7,0.577181208054,0.53355704698,0.634228187919,0.694630872483
ETH,2019-09-30,True,False,BiffPredictor,5,3,1,1,100,Close,True,2018-01-01,40,4,0.5,False,0.7,0.620805369128,0.46644295302,0.587248322148,0.473154362416
ETH,2019-09-30,True,False,BiffPredictorSmart,5,3,1,1,100,Close,True,2016-01-01,40,4,0.5,True,0.7,0.541478129713,0.438253012048,0.58371040724,0.555722891566
ETH,2019-09-30,True,False,BiffPredictorSmart,5,3,1,1,100,Close,True,2016-01-01,40,4,0.5,False,0.7,0.546003016591,0.530120481928,0.550527903469,0.486445783133
ETH,2019-09-30,True,False,BiffPredictorSmart,5,3,1,1,100,Close,True,2017-01-01,40,4,0.5,True,0.7,0.53125,0.546777546778,0.572916666667,0.673596673597
ETH,2019-09-30,True,False,BiffPredictorSmart,5,3,1,1,100,Close,True,2017-01-01,40,4,0.5,False,0.7,0.6,0.507276507277,0.58125,0.486486486486
ETH,2019-09-30,True,False,BiffPredictorSmart,5,3,1,1,100,Close,True,2018-01-01,40,4,0.5,True,0.7,0.604026845638,0.51677852349,0.630872483221,0.651006711409
ETH,2019-09-30,True,False,BiffPredictorSmart,5,3,1,1,100,Close,True,2018-01-01,40,4,0.5,False,0.7,0.614093959732,0.476510067114,0.580536912752,0.479865771812
ETH,2019-09-30,True,True,BiffPredictor,5,4,1,1,100,Close,True,2016-01-01,40,4,0.5,True,0.7,0.597285067873,0.580693815988,0.616892911011,0.622926093514
ETH,2019-09-30,True,True,BiffPredictor,5,4,1,1,100,Close,True,2016-01-01,40,4,0.5,False,0.7,0.579185520362,0.53544494721,0.567119155354,0.515837104072
ETH,2019-09-30,True,True,BiffPredictor,5,4,1,1,100,Close,True,2017-01-01,40,4,0.5,True,0.7,0.6375,0.566666666667,0.654166666667,0.629166666667
ETH,2019-09-30,True,True,BiffPredictor,5,4,1,1,100,Close,True,2017-01-01,40,4,0.5,False,0.7,0.595833333333,0.50625,0.589583333333,0.533333333333
ETH,2019-09-30,True,True,BiffPredictor,5,4,1,1,100,Close,True,2018-01-01,40,4,0.5,True,0.7,0.59595959596,0.546979865772,0.636363636364,0.664429530201
ETH,2019-09-30,True,True,BiffPredictor,5,4,1,1,100,Close,True,2018-01-01,40,4,0.5,False,0.7,0.585858585859,0.580536912752,0.569023569024,0.469798657718
ETH,2019-09-30,True,True,BiffPredictorSmart,5,4,1,1,100,Close,True,2016-01-01,40,4,0.5,True,0.7,0.586726998492,0.544494720965,0.618401206637,0.559577677225
ETH,2019-09-30,True,True,BiffPredictorSmart,5,4,1,1,100,Close,True,2016-01-01,40,4,0.5,False,0.7,0.574660633484,0.505279034691,0.564102564103,0.503770739065
ETH,2019-09-30,True,True,BiffPredictorSmart,5,4,1,1,100,Close,True,2017-01-01,40,4,0.5,True,0.7,0.625,0.5,0.61875,0.5125
ETH,2019-09-30,True,True,BiffPredictorSmart,5,4,1,1,100,Close,True,2017-01-01,40,4,0.5,False,0.7,0.589583333333,0.479166666667,0.572916666667,0.50625
ETH,2019-09-30,True,True,BiffPredictorSmart,5,4,1,1,100,Close,True,2018-01-01,40,4,0.5,True,0.7,0.599326599327,0.60067114094,0.612794612795,0.61744966443
ETH,2019-09-30,True,True,BiffPredictorSmart,5,4,1,1,100,Close,True,2018-01-01,40,4,0.5,False,0.7,0.585858585859,0.493288590604,0.579124579125,0.520134228188
ETH,2019-09-30,True,False,BiffPredictor,5,4,1,1,100,Close,True,2016-01-01,40,4,0.5,True,0.7,0.546003016591,0.558069381599,0.582202111614,0.653092006033
ETH,2019-09-30,True,False,BiffPredictor,5,4,1,1,100,Close,True,2016-01-01,40,4,0.5,False,0.7,0.553544494721,0.52790346908,0.559577677225,0.542986425339
ETH,2019-09-30,True,False,BiffPredictor,5,4,1,1,100,Close,True,2017-01-01,40,4,0.5,True,0.7,0.60625,0.620833333333,0.689583333333,0.7125
ETH,2019-09-30,True,False,BiffPredictor,5,4,1,1,100,Close,True,2017-01-01,40,4,0.5,False,0.7,0.620833333333,0.479166666667,0.595833333333,0.491666666667
ETH,2019-09-30,True,False,BiffPredictor,5,4,1,1,100,Close,True,2018-01-01,40,4,0.5,True,0.7,0.558922558923,0.60067114094,0.690235690236,0.744966442953
ETH,2019-09-30,True,False,BiffPredictor,5,4,1,1,100,Close,True,2018-01-01,40,4,0.5,False,0.7,0.649831649832,0.520134228188,0.599326599327,0.560402684564
ETH,2019-09-30,True,False,BiffPredictorSmart,5,4,1,1,100,Close,True,2016-01-01,40,4,0.5,True,0.7,0.582202111614,0.536953242836,0.615384615385,0.595776772247
ETH,2019-09-30,True,False,BiffPredictorSmart,5,4,1,1,100,Close,True,2016-01-01,40,4,0.5,False,0.7,0.561085972851,0.502262443439,0.553544494721,0.521870286576
ETH,2019-09-30,True,False,BiffPredictorSmart,5,4,1,1,100,Close,True,2017-01-01,40,4,0.5,True,0.7,0.570833333333,0.608333333333,0.614583333333,0.704166666667
ETH,2019-09-30,True,False,BiffPredictorSmart,5,4,1,1,100,Close,True,2017-01-01,40,4,0.5,False,0.7,0.6125,0.5,0.59375,0.502083333333
ETH,2019-09-30,True,False,BiffPredictorSmart,5,4,1,1,100,Close,True,2018-01-01,40,4,0.5,True,0.7,0.609427609428,0.513422818792,0.73063973064,0.677852348993
ETH,2019-09-30,True,False,BiffPredictorSmart,5,4,1,1,100,Close,True,2018-01-01,40,4,0.5,False,0.7,0.639730639731,0.479865771812,0.589225589226,0.543624161074
ETH,2019-09-30,True,True,BiffPredictor,5,1,1,1,100,Close,False,2016-01-01,40,4,0.5,True,0.7,0.545180722892,0.482706766917,0.540662650602,0.464661654135
ETH,2019-09-30,True,True,BiffPredictor,5,1,1,1,100,Close,False,2016-01-01,40,4,0.5,False,0.7,0.575301204819,0.503759398496,0.563253012048,0.511278195489
ETH,2019-09-30,True,True,BiffPredictor,5,1,1,1,100,Close,False,2017-01-01,40,4,0.5,True,0.7,0.555093555094,0.504149377593,0.561330561331,0.497925311203
ETH,2019-09-30,True,True,BiffPredictor,5,1,1,1,100,Close,False,2017-01-01,40,4,0.5,False,0.7,0.5841995842,0.483402489627,0.567567567568,0.497925311203
ETH,2019-09-30,True,True,BiffPredictor,5,1,1,1,100,Close,False,2018-01-01,40,4,0.5,True,0.7,0.538461538462,0.511705685619,0.521739130435,0.511705685619
ETH,2019-09-30,True,True,BiffPredictor,5,1,1,1,100,Close,False,2018-01-01,40,4,0.5,False,0.7,0.57525083612,0.484949832776,0.555183946488,0.478260869565
ETH,2019-09-30,True,True,BiffPredictorSmart,5,1,1,1,100,Close,False,2016-01-01,40,4,0.5,True,0.7,0.527108433735,0.533834586466,0.530120481928,0.521804511278
ETH,2019-09-30,True,True,BiffPredictorSmart,5,1,1,1,100,Close,False,2016-01-01,40,4,0.5,False,0.7,0.569277108434,0.493233082707,0.563253012048,0.511278195489
ETH,2019-09-30,True,True,BiffPredictorSmart,5,1,1,1,100,Close,False,2017-01-01,40,4,0.5,True,0.7,0.565488565489,0.502074688797,0.546777546778,0.502074688797
ETH,2019-09-30,True,True,BiffPredictorSmart,5,1,1,1,100,Close,False,2017-01-01,40,4,0.5,False,0.7,0.575883575884,0.483402489627,0.567567567568,0.497925311203
ETH,2019-09-30,True,True,BiffPredictorSmart,5,1,1,1,100,Close,False,2018-01-01,40,4,0.5,True,0.7,0.528428093645,0.518394648829,0.52508361204,0.441471571906
ETH,2019-09-30,True,True,BiffPredictorSmart,5,1,1,1,100,Close,False,2018-01-01,40,4,0.5,False,0.7,0.578595317726,0.511705685619,0.555183946488,0.478260869565
ETH,2019-09-30,True,False,BiffPredictor,5,1,1,1,100,Close,False,2016-01-01,40,4,0.5,True,0.7,0.536144578313,0.47969924812,0.522590361446,0.47969924812
ETH,2019-09-30,True,False,BiffPredictor,5,1,1,1,100,Close,False,2016-01-01,40,4,0.5,False,0.7,0.522590361446,0.515789473684,0.515060240964,0.499248120301
ETH,2019-09-30,True,False,BiffPredictor,5,1,1,1,100,Close,False,2017-01-01,40,4,0.5,True,0.7,0.538461538462,0.489626556017,0.525987525988,0.502074688797
ETH,2019-09-30,True,False,BiffPredictor,5,1,1,1,100,Close,False,2017-01-01,40,4,0.5,False,0.7,0.550935550936,0.48132780083,0.530145530146,0.48132780083
ETH,2019-09-30,True,False,BiffPredictor,5,1,1,1,100,Close,False,2018-01-01,40,4,0.5,True,0.7,0.551839464883,0.494983277592,0.545150501672,0.471571906355
ETH,2019-09-30,True,False,BiffPredictor,5,1,1,1,100,Close,False,2018-01-01,40,4,0.5,False,0.7,0.588628762542,0.478260869565,0.555183946488,0.478260869565
ETH,2019-09-30,True,False,BiffPredictorSmart,5,1,1,1,100,Close,False,2016-01-01,40,4,0.5,True,0.7,0.534638554217,0.493233082707,0.525602409639,0.493233082707
ETH,2019-09-30,True,False,BiffPredictorSmart,5,1,1,1,100,Close,False,2016-01-01,40,4,0.5,False,0.7,0.524096385542,0.511278195489,0.515060240964,0.499248120301
ETH,2019-09-30,True,False,BiffPredictorSmart,5,1,1,1,100,Close,False,2017-01-01,40,4,0.5,True,0.7,0.540540540541,0.520746887967,0.517671517672,0.510373443983
ETH,2019-09-30,True,False,BiffPredictorSmart,5,1,1,1,100,Close,False,2017-01-01,40,4,0.5,False,0.7,0.557172557173,0.48132780083,0.530145530146,0.48132780083
ETH,2019-09-30,True,False,BiffPredictorSmart,5,1,1,1,100,Close,False,2018-01-01,40,4,0.5,True,0.7,0.551839464883,0.498327759197,0.535117056856,0.505016722408
ETH,2019-09-30,True,False,BiffPredictorSmart,5,1,1,1,100,Close,False,2018-01-01,40,4,0.5,False,0.7,0.571906354515,0.478260869565,0.555183946488,0.478260869565
ETH,2019-09-30,True,True,BiffPredictor,5,2,1,1,100,Close,False,2016-01-01,40,4,0.5,True,0.7,0.581325301205,0.525602409639,0.600903614458,0.588855421687
ETH,2019-09-30,True,True,BiffPredictor,5,2,1,1,100,Close,False,2016-01-01,40,4,0.5,False,0.7,0.53313253012,0.493975903614,0.515060240964,0.484939759036
ETH,2019-09-30,True,True,BiffPredictor,5,2,1,1,100,Close,False,2017-01-01,40,4,0.5,True,0.7,0.588357588358,0.513513513514,0.634095634096,0.596673596674
ETH,2019-09-30,True,True,BiffPredictor,5,2,1,1,100,Close,False,2017-01-01,40,4,0.5,False,0.7,0.588357588358,0.480249480249,0.588357588358,0.530145530146
ETH,2019-09-30,True,True,BiffPredictor,5,2,1,1,100,Close,False,2018-01-01,40,4,0.5,True,0.7,0.560402684564,0.558528428094,0.624161073826,0.602006688963
ETH,2019-09-30,True,True,BiffPredictor,5,2,1,1,100,Close,False,2018-01-01,40,4,0.5,False,0.7,0.610738255034,0.478260869565,0.577181208054,0.478260869565
ETH,2019-09-30,True,True,BiffPredictorSmart,5,2,1,1,100,Close,False,2016-01-01,40,4,0.5,True,0.7,0.53765060241,0.510542168675,0.53765060241,0.600903614458
ETH,2019-09-30,True,True,BiffPredictorSmart,5,2,1,1,100,Close,False,2016-01-01,40,4,0.5,False,0.7,0.561746987952,0.521084337349,0.539156626506,0.527108433735
ETH,2019-09-30,True,True,BiffPredictorSmart,5,2,1,1,100,Close,False,2017-01-01,40,4,0.5,True,0.7,0.525987525988,0.548856548857,0.600831600832,0.561330561331
ETH,2019-09-30,True,True,BiffPredictorSmart,5,2,1,1,100,Close,False,2017-01-01,40,4,0.5,False,0.7,0.577962577963,0.494802494802,0.555093555094,0.503118503119
ETH,2019-09-30,True,True,BiffPredictorSmart,5,2,1,1,100,Close,False,2018-01-01,40,4,0.5,True,0.7,0.543624161074,0.528428093645,0.55033557047,0.588628762542
ETH,2019-09-30,True,True,BiffPredictorSmart,5,2,1,1,100,Close,False,2018-01-01,40,4,0.5,False,0.7,0.590604026846,0.501672240803,0.553691275168,0.481605351171
ETH,2019-09-30,True,False,BiffPredictor,5,2,1,1,100,Close,False,2016-01-01,40,4,0.5,True,0.7,0.530120481928,0.478915662651,0.531626506024,0.471385542169
ETH,2019-09-30,True,False,BiffPredictor,5,2,1,1,100,Close,False,2016-01-01,40,4,0.5,False,0.7,0.515060240964,0.484939759036,0.51656626506,0.496987951807
ETH,2019-09-30,True,False,BiffPredictor,5,2,1,1,100,Close,False,2017-01-01,40,4,0.5,True,0.7,0.546777546778,0.519750519751,0.528066528067,0.534303534304
ETH,2019-09-30,True,False,BiffPredictor,5,2,1,1,100,Close,False,2017-01-01,40,4,0.5,False,0.7,0.565488565489,0.482328482328,0.577962577963,0.488565488565
ETH,2019-09-30,True,False,BiffPredictor,5,2,1,1,100,Close,False,2018-01-01,40,4,0.5,True,0.7,0.543624161074,0.561872909699,0.546979865772,0.52508361204
ETH,2019-09-30,True,False,BiffPredictor,5,2,1,1,100,Close,False,2018-01-01,40,4,0.5,False,0.7,0.587248322148,0.478260869565,0.577181208054,0.478260869565
ETH,2019-09-30,True,False,BiffPredictorSmart,5,2,1,1,100,Close,False,2016-01-01,40,4,0.5,True,0.7,0.528614457831,0.503012048193,0.525602409639,0.513554216867
ETH,2019-09-30,True,False,BiffPredictorSmart,5,2,1,1,100,Close,False,2016-01-01,40,4,0.5,False,0.7,0.525602409639,0.506024096386,0.530120481928,0.528614457831
ETH,2019-09-30,True,False,BiffPredictorSmart,5,2,1,1,100,Close,False,2017-01-01,40,4,0.5,True,0.7,0.534303534304,0.52182952183,0.530145530146,0.517671517672
ETH,2019-09-30,True,False,BiffPredictorSmart,5,2,1,1,100,Close,False,2017-01-01,40,4,0.5,False,0.7,0.575883575884,0.488565488565,0.580041580042,0.490644490644
ETH,2019-09-30,True,False,BiffPredictorSmart,5,2,1,1,100,Close,False,2018-01-01,40,4,0.5,True,0.7,0.560402684564,0.501672240803,0.553691275168,0.484949832776
ETH,2019-09-30,True,False,BiffPredictorSmart,5,2,1,1,100,Close,False,2018-01-01,40,4,0.5,False,0.7,0.593959731544,0.508361204013,0.553691275168,0.481605351171
ETH,2019-09-30,True,True,BiffPredictor,5,3,1,1,100,Close,False,2016-01-01,40,4,0.5,True,0.7,0.585218702866,0.540662650602,0.62443438914,0.650602409639
ETH,2019-09-30,True,True,BiffPredictor,5,3,1,1,100,Close,False,2016-01-01,40,4,0.5,False,0.7,0.552036199095,0.527108433735,0.539969834087,0.53313253012
ETH,2019-09-30,True,True,BiffPredictor,5,3,1,1,100,Close,False,2017-01-01,40,4,0.5,True,0.7,0.577083333333,0.588357588358,0.585416666667,0.627858627859
ETH,2019-09-30,True,True,BiffPredictor,5,3,1,1,100,Close,False,2017-01-01,40,4,0.5,False,0.7,0.589583333333,0.492723492723,0.608333333333,0.505197505198
ETH,2019-09-30,True,True,BiffPredictor,5,3,1,1,100,Close,False,2018-01-01,40,4,0.5,True,0.7,0.624161073826,0.557046979866,0.604026845638,0.543624161074
ETH,2019-09-30,True,True,BiffPredictor,5,3,1,1,100,Close,False,2018-01-01,40,4,0.5,False,0.7,0.640939597315,0.530201342282,0.570469798658,0.473154362416
ETH,2019-09-30,True,True,BiffPredictorSmart,5,3,1,1,100,Close,False,2016-01-01,40,4,0.5,True,0.7,0.574660633484,0.551204819277,0.607843137255,0.620481927711
ETH,2019-09-30,True,True,BiffPredictorSmart,5,3,1,1,100,Close,False,2016-01-01,40,4,0.5,False,0.7,0.558069381599,0.501506024096,0.541478129713,0.513554216867
ETH,2019-09-30,True,True,BiffPredictorSmart,5,3,1,1,100,Close,False,2017-01-01,40,4,0.5,True,0.7,0.554166666667,0.611226611227,0.5875,0.659043659044
ETH,2019-09-30,True,True,BiffPredictorSmart,5,3,1,1,100,Close,False,2017-01-01,40,4,0.5,False,0.7,0.579166666667,0.511434511435,0.577083333333,0.553014553015
ETH,2019-09-30,True,True,BiffPredictorSmart,5,3,1,1,100,Close,False,2018-01-01,40,4,0.5,True,0.7,0.563758389262,0.540268456376,0.614093959732,0.60067114094
ETH,2019-09-30,True,True,BiffPredictorSmart,5,3,1,1,100,Close,False,2018-01-01,40,4,0.5,False,0.7,0.620805369128,0.546979865772,0.577181208054,0.479865771812
ETH,2019-09-30,True,False,BiffPredictor,5,3,1,1,100,Close,False,2016-01-01,40,4,0.5,True,0.7,0.556561085973,0.504518072289,0.559577677225,0.522590361446
ETH,2019-09-30,True,False,BiffPredictor,5,3,1,1,100,Close,False,2016-01-01,40,4,0.5,False,0.7,0.538461538462,0.493975903614,0.567119155354,0.501506024096
ETH,2019-09-30,True,False,BiffPredictor,5,3,1,1,100,Close,False,2017-01-01,40,4,0.5,True,0.7,0.58125,0.550935550936,0.583333333333,0.577962577963
ETH,2019-09-30,True,False,BiffPredictor,5,3,1,1,100,Close,False,2017-01-01,40,4,0.5,False,0.7,0.583333333333,0.492723492723,0.58125,0.482328482328
ETH,2019-09-30,True,False,BiffPredictor,5,3,1,1,100,Close,False,2018-01-01,40,4,0.5,True,0.7,0.553691275168,0.560402684564,0.577181208054,0.506711409396
ETH,2019-09-30,True,False,BiffPredictor,5,3,1,1,100,Close,False,2018-01-01,40,4,0.5,False,0.7,0.587248322148,0.473154362416,0.573825503356,0.473154362416
ETH,2019-09-30,True,False,BiffPredictorSmart,5,3,1,1,100,Close,False,2016-01-01,40,4,0.5,True,0.7,0.530920060332,0.465361445783,0.509803921569,0.459337349398
ETH,2019-09-30,True,False,BiffPredictorSmart,5,3,1,1,100,Close,False,2016-01-01,40,4,0.5,False,0.7,0.542986425339,0.48343373494,0.553544494721,0.493975903614
ETH,2019-09-30,True,False,BiffPredictorSmart,5,3,1,1,100,Close,False,2017-01-01,40,4,0.5,True,0.7,0.5625,0.546777546778,0.552083333333,0.536382536383
ETH,2019-09-30,True,False,BiffPredictorSmart,5,3,1,1,100,Close,False,2017-01-01,40,4,0.5,False,0.7,0.595833333333,0.480249480249,0.577083333333,0.480249480249
ETH,2019-09-30,True,False,BiffPredictorSmart,5,3,1,1,100,Close,False,2018-01-01,40,4,0.5,True,0.7,0.570469798658,0.523489932886,0.563758389262,0.5
ETH,2019-09-30,True,False,BiffPredictorSmart,5,3,1,1,100,Close,False,2018-01-01,40,4,0.5,False,0.7,0.604026845638,0.479865771812,0.580536912752,0.479865771812
ETH,2019-09-30,True,True,BiffPredictor,5,4,1,1,100,Close,False,2016-01-01,40,4,0.5,True,0.7,0.628959276018,0.579185520362,0.662141779789,0.610859728507
ETH,2019-09-30,True,True,BiffPredictor,5,4,1,1,100,Close,False,2016-01-01,40,4,0.5,False,0.7,0.585218702866,0.512820512821,0.58371040724,0.538461538462
ETH,2019-09-30,True,True,BiffPredictor,5,4,1,1,100,Close,False,2017-01-01,40,4,0.5,True,0.7,0.608333333333,0.554166666667,0.71875,0.675
ETH,2019-09-30,True,True,BiffPredictor,5,4,1,1,100,Close,False,2017-01-01,40,4,0.5,False,0.7,0.577083333333,0.508333333333,0.589583333333,0.545833333333
ETH,2019-09-30,True,True,BiffPredictor,5,4,1,1,100,Close,False,2018-01-01,40,4,0.5,True,0.7,0.602693602694,0.624161073826,0.666666666667,0.684563758389
ETH,2019-09-30,True,True,BiffPredictor,5,4,1,1,100,Close,False,2018-01-01,40,4,0.5,False,0.7,0.622895622896,0.476510067114,0.575757575758,0.520134228188
ETH,2019-09-30,True,True,BiffPredictorSmart,5,4,1,1,100,Close,False,2016-01-01,40,4,0.5,True,0.7,0.553544494721,0.536953242836,0.607843137255,0.616892911011
ETH,2019-09-30,True,True,BiffPredictorSmart,5,4,1,1,100,Close,False,2016-01-01,40,4,0.5,False,0.7,0.57616892911,0.497737556561,0.56862745098,0.526395173454
ETH,2019-09-30,True,True,BiffPredictorSmart,5,4,1,1,100,Close,False,2017-01-01,40,4,0.5,True,0.7,0.527083333333,0.610416666667,0.620833333333,0.6375
ETH,2019-09-30,True,True,BiffPredictorSmart,5,4,1,1,100,Close,False,2017-01-01,40,4,0.5,False,0.7,0.577083333333,0.508333333333,0.566666666667,0.51875
ETH,2019-09-30,True,True,BiffPredictorSmart,5,4,1,1,100,Close,False,2018-01-01,40,4,0.5,True,0.7,0.585858585859,0.526845637584,0.585858585859,0.624161073826
ETH,2019-09-30,True,True,BiffPredictorSmart,5,4,1,1,100,Close,False,2018-01-01,40,4,0.5,False,0.7,0.622895622896,0.526845637584,0.575757575758,0.473154362416
ETH,2019-09-30,True,False,BiffPredictor,5,4,1,1,100,Close,False,2016-01-01,40,4,0.5,True,0.7,0.542986425339,0.530920060332,0.541478129713,0.549019607843
ETH,2019-09-30,True,False,BiffPredictor,5,4,1,1,100,Close,False,2016-01-01,40,4,0.5,False,0.7,0.556561085973,0.518853695324,0.570135746606,0.488687782805
ETH,2019-09-30,True,False,BiffPredictor,5,4,1,1,100,Close,False,2017-01-01,40,4,0.5,True,0.7,0.58125,0.535416666667,0.56875,0.579166666667
ETH,2019-09-30,True,False,BiffPredictor,5,4,1,1,100,Close,False,2017-01-01,40,4,0.5,False,0.7,0.585416666667,0.48125,0.595833333333,0.479166666667
ETH,2019-09-30,True,False,BiffPredictor,5,4,1,1,100,Close,False,2018-01-01,40,4,0.5,True,0.7,0.575757575758,0.5,0.609427609428,0.58389261745
ETH,2019-09-30,True,False,BiffPredictor,5,4,1,1,100,Close,False,2018-01-01,40,4,0.5,False,0.7,0.579124579125,0.473154362416,0.569023569024,0.473154362416
ETH,2019-09-30,True,False,BiffPredictorSmart,5,4,1,1,100,Close,False,2016-01-01,40,4,0.5,True,0.7,0.556561085973,0.505279034691,0.538461538462,0.52790346908
ETH,2019-09-30,True,False,BiffPredictorSmart,5,4,1,1,100,Close,False,2016-01-01,40,4,0.5,False,0.7,0.558069381599,0.505279034691,0.552036199095,0.506787330317
ETH,2019-09-30,True,False,BiffPredictorSmart,5,4,1,1,100,Close,False,2017-01-01,40,4,0.5,True,0.7,0.5625,0.558333333333,0.572916666667,0.589583333333
ETH,2019-09-30,True,False,BiffPredictorSmart,5,4,1,1,100,Close,False,2017-01-01,40,4,0.5,False,0.7,0.585416666667,0.479166666667,0.583333333333,0.479166666667
ETH,2019-09-30,True,False,BiffPredictorSmart,5,4,1,1,100,Close,False,2018-01-01,40,4,0.5,True,0.7,0.569023569024,0.530201342282,0.575757575758,0.58389261745
ETH,2019-09-30,True,False,BiffPredictorSmart,5,4,1,1,100,Close,False,2018-01-01,40,4,0.5,False,0.7,0.616161616162,0.473154362416,0.572390572391,0.473154362416
ETH,2019-09-30,True,True,BiffPredictor,5,1,1,1,100,Close,True,2016-01-01,50,4,0.5,True,0.7,0.559939301973,0.468181818182,0.570561456753,0.486363636364
ETH,2019-09-30,True,True,BiffPredictor,5,1,1,1,100,Close,True,2016-01-01,50,4,0.5,False,0.7,0.555386949924,0.519696969697,0.549317147193,0.515151515152
ETH,2019-09-30,True,True,BiffPredictor,5,1,1,1,100,Close,True,2017-01-01,50,4,0.5,True,0.7,0.544117647059,0.513626834382,0.531512605042,0.503144654088
ETH,2019-09-30,True,True,BiffPredictor,5,1,1,1,100,Close,True,2017-01-01,50,4,0.5,False,0.7,0.586134453782,0.482180293501,0.579831932773,0.501048218029
ETH,2019-09-30,True,True,BiffPredictor,5,1,1,1,100,Close,True,2018-01-01,50,4,0.5,True,0.7,0.557823129252,0.486394557823,0.551020408163,0.486394557823
ETH,2019-09-30,True,True,BiffPredictor,5,1,1,1,100,Close,True,2018-01-01,50,4,0.5,False,0.7,0.561224489796,0.47619047619,0.561224489796,0.47619047619
ETH,2019-09-30,True,True,BiffPredictorSmart,5,1,1,1,100,Close,True,2016-01-01,50,4,0.5,True,0.7,0.555386949924,0.487878787879,0.529590288316,0.516666666667
ETH,2019-09-30,True,True,BiffPredictorSmart,5,1,1,1,100,Close,True,2016-01-01,50,4,0.5,False,0.7,0.559939301973,0.5,0.549317147193,0.515151515152
ETH,2019-09-30,True,True,BiffPredictorSmart,5,1,1,1,100,Close,True,2017-01-01,50,4,0.5,True,0.7,0.560924369748,0.490566037736,0.535714285714,0.48427672956
ETH,2019-09-30,True,True,BiffPredictorSmart,5,1,1,1,100,Close,True,2017-01-01,50,4,0.5,False,0.7,0.584033613445,0.471698113208,0.579831932773,0.501048218029
ETH,2019-09-30,True,True,BiffPredictorSmart,5,1,1,1,100,Close,True,2018-01-01,50,4,0.5,True,0.7,0.574829931973,0.527210884354,0.574829931973,0.496598639456
ETH,2019-09-30,True,True,BiffPredictorSmart,5,1,1,1,100,Close,True,2018-01-01,50,4,0.5,False,0.7,0.561224489796,0.47619047619,0.561224489796,0.47619047619
ETH,2019-09-30,True,False,BiffPredictor,5,1,1,1,100,Close,True,2016-01-01,50,4,0.5,True,0.7,0.556904400607,0.490909090909,0.53717754173,0.475757575758
ETH,2019-09-30,True,False,BiffPredictor,5,1,1,1,100,Close,True,2016-01-01,50,4,0.5,False,0.7,0.523520485584,0.495454545455,0.518968133536,0.493939393939
